event_id,timestamp,host,user,src_ip,country,event_type,raw,is_malicious,attack_type
evt-000334,2024-01-15T01:40:27.284350+00:00,vpn-gw-01,target_bf_02,105.122.44.91,NG,login_failure,2024-01-15T01:40:27.284350+00:00 host=vpn-gw-01 user=target_bf_02 src_ip=105.122.44.91 country=NG action=login_failure,1,brute_force
evt-000335,2024-01-15T01:40:47.905307+00:00,vpn-gw-01,target_bf_02,105.122.44.91,NG,login_failure,2024-01-15T01:40:47.905307+00:00 host=vpn-gw-01 user=target_bf_02 src_ip=105.122.44.91 country=NG action=login_failure,1,brute_force
evt-000336,2024-01-15T01:41:28.966974+00:00,vpn-gw-01,target_bf_02,105.122.44.91,NG,login_failure,2024-01-15T01:41:28.966974+00:00 host=vpn-gw-01 user=target_bf_02 src_ip=105.122.44.91 country=NG action=login_failure,1,brute_force
evt-000337,2024-01-15T01:41:46.287772+00:00,vpn-gw-01,target_bf_02,105.122.44.91,NG,login_failure,2024-01-15T01:41:46.287772+00:00 host=vpn-gw-01 user=target_bf_02 src_ip=105.122.44.91 country=NG action=login_failure,1,brute_force
evt-000338,2024-01-15T01:42:26.423129+00:00,vpn-gw-01,target_bf_02,105.122.44.91,NG,login_failure,2024-01-15T01:42:26.423129+00:00 host=vpn-gw-01 user=target_bf_02 src_ip=105.122.44.91 country=NG action=login_failure,1,brute_force
evt-000339,2024-01-15T01:42:31.976028+00:00,vpn-gw-01,target_bf_02,105.122.44.91,NG,login_failure,2024-01-15T01:42:31.976028+00:00 host=vpn-gw-01 user=target_bf_02 src_ip=105.122.44.91 country=NG action=login_failure,1,brute_force
evt-000340,2024-01-15T01:42:46.042587+00:00,vpn-gw-01,target_bf_02,105.122.44.91,NG,login_failure,2024-01-15T01:42:46.042587+00:00 host=vpn-gw-01 user=target_bf_02 src_ip=105.122.44.91 country=NG action=login_failure,1,brute_force
evt-000341,2024-01-15T01:43:30.493321+00:00,vpn-gw-01,target_bf_02,105.122.44.91,NG,login_failure,2024-01-15T01:43:30.493321+00:00 host=vpn-gw-01 user=target_bf_02 src_ip=105.122.44.91 country=NG action=login_failure,1,brute_force
evt-000342,2024-01-15T01:44:08.440769+00:00,vpn-gw-01,target_bf_02,105.122.44.91,NG,login_failure,2024-01-15T01:44:08.440769+00:00 host=vpn-gw-01 user=target_bf_02 src_ip=105.122.44.91 country=NG action=login_failure,1,brute_force
evt-000343,2024-01-15T01:44:22.685767+00:00,vpn-gw-01,target_bf_02,105.122.44.91,NG,login_success,2024-01-15T01:44:22.685767+00:00 host=vpn-gw-01 user=target_bf_02 src_ip=105.122.44.91 country=NG action=login_success,1,brute_force
evt-000382,2024-01-15T02:51:34.889492+00:00,ws-fin-01,target_priv_02,45.178.177.135,RU,login_failure,2024-01-15T02:51:34.889492+00:00 host=ws-fin-01 user=target_priv_02 src_ip=45.178.177.135 country=RU action=login_failure,1,privilege_escalation
evt-000383,2024-01-15T02:51:46.495010+00:00,ws-fin-01,target_priv_02,45.178.177.135,RU,login_failure,2024-01-15T02:51:46.495010+00:00 host=ws-fin-01 user=target_priv_02 src_ip=45.178.177.135 country=RU action=login_failure,1,privilege_escalation
evt-000384,2024-01-15T02:52:06.547810+00:00,ws-fin-01,target_priv_02,45.178.177.135,RU,login_failure,2024-01-15T02:52:06.547810+00:00 host=ws-fin-01 user=target_priv_02 src_ip=45.178.177.135 country=RU action=login_failure,1,privilege_escalation
evt-000385,2024-01-15T02:52:21.953428+00:00,ws-fin-01,target_priv_02,45.178.177.135,RU,login_failure,2024-01-15T02:52:21.953428+00:00 host=ws-fin-01 user=target_priv_02 src_ip=45.178.177.135 country=RU action=login_failure,1,privilege_escalation
evt-000386,2024-01-15T02:52:48.377510+00:00,ws-fin-01,target_priv_02,45.178.177.135,RU,login_success,2024-01-15T02:52:48.377510+00:00 host=ws-fin-01 user=target_priv_02 src_ip=45.178.177.135 country=RU action=login_success,1,privilege_escalation
evt-000370,2024-01-15T02:53:26.248419+00:00,ws-eng-07,target_priv_00,45.136.180.117,RU,login_failure,2024-01-15T02:53:26.248419+00:00 host=ws-eng-07 user=target_priv_00 src_ip=45.136.180.117 country=RU action=login_failure,1,privilege_escalation
evt-000387,2024-01-15T02:53:33.172567+00:00,ws-fin-01,target_priv_02,45.178.177.135,RU,privilege_use,2024-01-15T02:53:33.172567+00:00 host=ws-fin-01 user=target_priv_02 src_ip=45.178.177.135 country=RU action=privilege_use,1,privilege_escalation
evt-000371,2024-01-15T02:53:36.081895+00:00,ws-eng-07,target_priv_00,45.136.180.117,RU,login_failure,2024-01-15T02:53:36.081895+00:00 host=ws-eng-07 user=target_priv_00 src_ip=45.136.180.117 country=RU action=login_failure,1,privilege_escalation
evt-000372,2024-01-15T02:54:00.497112+00:00,ws-eng-07,target_priv_00,45.136.180.117,RU,login_failure,2024-01-15T02:54:00.497112+00:00 host=ws-eng-07 user=target_priv_00 src_ip=45.136.180.117 country=RU action=login_failure,1,privilege_escalation
evt-000373,2024-01-15T02:54:16.054709+00:00,ws-eng-07,target_priv_00,45.136.180.117,RU,login_failure,2024-01-15T02:54:16.054709+00:00 host=ws-eng-07 user=target_priv_00 src_ip=45.136.180.117 country=RU action=login_failure,1,privilege_escalation
evt-000374,2024-01-15T02:54:40.693939+00:00,ws-eng-07,target_priv_00,45.136.180.117,RU,login_failure,2024-01-15T02:54:40.693939+00:00 host=ws-eng-07 user=target_priv_00 src_ip=45.136.180.117 country=RU action=login_failure,1,privilege_escalation
evt-000375,2024-01-15T02:55:03.041688+00:00,ws-eng-07,target_priv_00,45.136.180.117,RU,login_success,2024-01-15T02:55:03.041688+00:00 host=ws-eng-07 user=target_priv_00 src_ip=45.136.180.117 country=RU action=login_success,1,privilege_escalation
evt-000376,2024-01-15T02:56:02.269410+00:00,ws-eng-07,target_priv_00,45.136.180.117,RU,privilege_use,2024-01-15T02:56:02.269410+00:00 host=ws-eng-07 user=target_priv_00 src_ip=45.136.180.117 country=RU action=privilege_use,1,privilege_escalation
evt-000285,2024-01-15T05:04:32.231729+00:00,jump-box-01,user37,10.120.176.191,US,login_success,2024-01-15T05:04:32.231729+00:00 host=jump-box-01 user=user37 src_ip=10.120.176.191 country=US action=login_success,0,benign
evt-000291,2024-01-15T05:17:14.674008+00:00,vpn-gw-01,user38,172.244.228.34,CA,login_success,2024-01-15T05:17:14.674008+00:00 host=vpn-gw-01 user=user38 src_ip=172.244.228.34 country=CA action=login_success,0,benign
evt-000292,2024-01-15T05:31:26.633954+00:00,vpn-gw-01,user38,172.244.228.34,CA,logoff,2024-01-15T05:31:26.633954+00:00 host=vpn-gw-01 user=user38 src_ip=172.244.228.34 country=CA action=logoff,0,benign
evt-000286,2024-01-15T05:34:36.572209+00:00,jump-box-01,user37,10.120.176.191,US,logoff,2024-01-15T05:34:36.572209+00:00 host=jump-box-01 user=user37 src_ip=10.120.176.191 country=US action=logoff,0,benign
evt-000194,2024-01-15T05:41:06.553846+00:00,db-prod-02,user26,192.171.9.86,GB,login_success,2024-01-15T05:41:06.553846+00:00 host=db-prod-02 user=user26 src_ip=192.171.9.86 country=GB action=login_success,0,benign
evt-000204,2024-01-15T05:41:38.084582+00:00,ws-fin-01,user27,10.46.167.239,US,login_success,2024-01-15T05:41:38.084582+00:00 host=ws-fin-01 user=user27 src_ip=10.46.167.239 country=US action=login_success,0,benign
evt-000293,2024-01-15T05:57:49.090985+00:00,vpn-gw-01,user38,172.244.228.34,CA,login_success,2024-01-15T05:57:49.090985+00:00 host=vpn-gw-01 user=user38 src_ip=172.244.228.34 country=CA action=login_success,0,benign
evt-000287,2024-01-15T06:06:38.649689+00:00,jump-box-01,user37,10.120.176.191,US,login_success,2024-01-15T06:06:38.649689+00:00 host=jump-box-01 user=user37 src_ip=10.120.176.191 country=US action=login_success,0,benign
evt-000195,2024-01-15T06:21:57.998982+00:00,db-prod-02,user26,192.171.9.86,GB,logoff,2024-01-15T06:21:57.998982+00:00 host=db-prod-02 user=user26 src_ip=192.171.9.86 country=GB action=logoff,0,benign
evt-000288,2024-01-15T06:37:24.200749+00:00,jump-box-01,user37,10.120.176.191,US,logoff,2024-01-15T06:37:24.200749+00:00 host=jump-box-01 user=user37 src_ip=10.120.176.191 country=US action=logoff,0,benign
evt-000205,2024-01-15T07:00:25.963879+00:00,ws-fin-01,user27,10.46.167.239,US,logoff,2024-01-15T07:00:25.963879+00:00 host=ws-fin-01 user=user27 src_ip=10.46.167.239 country=US action=logoff,0,benign
evt-000294,2024-01-15T07:24:35.956000+00:00,vpn-gw-01,user38,172.244.228.34,CA,logoff,2024-01-15T07:24:35.956000+00:00 host=vpn-gw-01 user=user38 src_ip=172.244.228.34 country=CA action=logoff,0,benign
evt-000140,2024-01-15T07:42:02.827580+00:00,db-prod-02,user19,10.189.50.163,US,login_success,2024-01-15T07:42:02.827580+00:00 host=db-prod-02 user=user19 src_ip=10.189.50.163 country=US action=login_success,0,benign
evt-000326,2024-01-15T08:12:21.994950+00:00,ws-fin-01,target_bf_01,82.17.39.108,RO,login_failure,2024-01-15T08:12:21.994950+00:00 host=ws-fin-01 user=target_bf_01 src_ip=82.17.39.108 country=RO action=login_failure,1,brute_force
evt-000327,2024-01-15T08:13:00.618388+00:00,ws-fin-01,target_bf_01,82.17.39.108,RO,login_failure,2024-01-15T08:13:00.618388+00:00 host=ws-fin-01 user=target_bf_01 src_ip=82.17.39.108 country=RO action=login_failure,1,brute_force
evt-000328,2024-01-15T08:13:35.871632+00:00,ws-fin-01,target_bf_01,82.17.39.108,RO,login_failure,2024-01-15T08:13:35.871632+00:00 host=ws-fin-01 user=target_bf_01 src_ip=82.17.39.108 country=RO action=login_failure,1,brute_force
evt-000329,2024-01-15T08:13:59.972658+00:00,ws-fin-01,target_bf_01,82.17.39.108,RO,login_failure,2024-01-15T08:13:59.972658+00:00 host=ws-fin-01 user=target_bf_01 src_ip=82.17.39.108 country=RO action=login_failure,1,brute_force
evt-000330,2024-01-15T08:14:44.889506+00:00,ws-fin-01,target_bf_01,82.17.39.108,RO,login_failure,2024-01-15T08:14:44.889506+00:00 host=ws-fin-01 user=target_bf_01 src_ip=82.17.39.108 country=RO action=login_failure,1,brute_force
evt-000331,2024-01-15T08:15:21.004686+00:00,ws-fin-01,target_bf_01,82.17.39.108,RO,login_failure,2024-01-15T08:15:21.004686+00:00 host=ws-fin-01 user=target_bf_01 src_ip=82.17.39.108 country=RO action=login_failure,1,brute_force
evt-000332,2024-01-15T08:15:32.130887+00:00,ws-fin-01,target_bf_01,82.17.39.108,RO,login_failure,2024-01-15T08:15:32.130887+00:00 host=ws-fin-01 user=target_bf_01 src_ip=82.17.39.108 country=RO action=login_failure,1,brute_force
evt-000333,2024-01-15T08:15:58.026644+00:00,ws-fin-01,target_bf_01,82.17.39.108,RO,account_lockout,2024-01-15T08:15:58.026644+00:00 host=ws-fin-01 user=target_bf_01 src_ip=82.17.39.108 country=RO action=account_lockout,1,brute_force
evt-000377,2024-01-15T08:37:52.312225+00:00,ws-fin-01,target_priv_01,175.29.5.173,KP,login_failure,2024-01-15T08:37:52.312225+00:00 host=ws-fin-01 user=target_priv_01 src_ip=175.29.5.173 country=KP action=login_failure,1,privilege_escalation
evt-000378,2024-01-15T08:38:17.532900+00:00,ws-fin-01,target_priv_01,175.29.5.173,KP,login_failure,2024-01-15T08:38:17.532900+00:00 host=ws-fin-01 user=target_priv_01 src_ip=175.29.5.173 country=KP action=login_failure,1,privilege_escalation
evt-000379,2024-01-15T08:38:34.700432+00:00,ws-fin-01,target_priv_01,175.29.5.173,KP,login_failure,2024-01-15T08:38:34.700432+00:00 host=ws-fin-01 user=target_priv_01 src_ip=175.29.5.173 country=KP action=login_failure,1,privilege_escalation
evt-000380,2024-01-15T08:38:48.664713+00:00,ws-fin-01,target_priv_01,175.29.5.173,KP,login_success,2024-01-15T08:38:48.664713+00:00 host=ws-fin-01 user=target_priv_01 src_ip=175.29.5.173 country=KP action=login_success,1,privilege_escalation
evt-000381,2024-01-15T08:39:35.277338+00:00,ws-fin-01,target_priv_01,175.29.5.173,KP,privilege_use,2024-01-15T08:39:35.277338+00:00 host=ws-fin-01 user=target_priv_01 src_ip=175.29.5.173 country=KP action=privilege_use,1,privilege_escalation
evt-000141,2024-01-15T08:45:06.926239+00:00,db-prod-02,user19,10.189.50.163,US,logoff,2024-01-15T08:45:06.926239+00:00 host=db-prod-02 user=user19 src_ip=10.189.50.163 country=US action=logoff,0,benign
evt-000289,2024-01-15T08:48:09.118104+00:00,jump-box-01,user37,10.120.176.191,US,login_success,2024-01-15T08:48:09.118104+00:00 host=jump-box-01 user=user37 src_ip=10.120.176.191 country=US action=login_success,0,benign
evt-000351,2024-01-15T08:58:29.250638+00:00,db-prod-02,target_bf_04,116.249.159.232,CN,login_failure,2024-01-15T08:58:29.250638+00:00 host=db-prod-02 user=target_bf_04 src_ip=116.249.159.232 country=CN action=login_failure,1,brute_force
evt-000352,2024-01-15T08:59:12.461786+00:00,db-prod-02,target_bf_04,116.249.159.232,CN,login_failure,2024-01-15T08:59:12.461786+00:00 host=db-prod-02 user=target_bf_04 src_ip=116.249.159.232 country=CN action=login_failure,1,brute_force
evt-000353,2024-01-15T08:59:38.093546+00:00,db-prod-02,target_bf_04,116.249.159.232,CN,login_failure,2024-01-15T08:59:38.093546+00:00 host=db-prod-02 user=target_bf_04 src_ip=116.249.159.232 country=CN action=login_failure,1,brute_force
evt-000354,2024-01-15T09:00:13.863890+00:00,db-prod-02,target_bf_04,116.249.159.232,CN,login_failure,2024-01-15T09:00:13.863890+00:00 host=db-prod-02 user=target_bf_04 src_ip=116.249.159.232 country=CN action=login_failure,1,brute_force
evt-000355,2024-01-15T09:00:29.061793+00:00,db-prod-02,target_bf_04,116.249.159.232,CN,login_failure,2024-01-15T09:00:29.061793+00:00 host=db-prod-02 user=target_bf_04 src_ip=116.249.159.232 country=CN action=login_failure,1,brute_force
evt-000356,2024-01-15T09:01:14.002156+00:00,db-prod-02,target_bf_04,116.249.159.232,CN,login_failure,2024-01-15T09:01:14.002156+00:00 host=db-prod-02 user=target_bf_04 src_ip=116.249.159.232 country=CN action=login_failure,1,brute_force
evt-000357,2024-01-15T09:01:21.372695+00:00,db-prod-02,target_bf_04,116.249.159.232,CN,login_failure,2024-01-15T09:01:21.372695+00:00 host=db-prod-02 user=target_bf_04 src_ip=116.249.159.232 country=CN action=login_failure,1,brute_force
evt-000358,2024-01-15T09:01:53.699974+00:00,db-prod-02,target_bf_04,116.249.159.232,CN,login_failure,2024-01-15T09:01:53.699974+00:00 host=db-prod-02 user=target_bf_04 src_ip=116.249.159.232 country=CN action=login_failure,1,brute_force
evt-000359,2024-01-15T09:02:36.459268+00:00,db-prod-02,target_bf_04,116.249.159.232,CN,login_failure,2024-01-15T09:02:36.459268+00:00 host=db-prod-02 user=target_bf_04 src_ip=116.249.159.232 country=CN action=login_failure,1,brute_force
evt-000360,2024-01-15T09:02:58.827234+00:00,db-prod-02,target_bf_04,116.249.159.232,CN,login_failure,2024-01-15T09:02:58.827234+00:00 host=db-prod-02 user=target_bf_04 src_ip=116.249.159.232 country=CN action=login_failure,1,brute_force
evt-000361,2024-01-15T09:03:09.293063+00:00,db-prod-02,target_bf_04,116.249.159.232,CN,login_success,2024-01-15T09:03:09.293063+00:00 host=db-prod-02 user=target_bf_04 src_ip=116.249.159.232 country=CN action=login_success,1,brute_force
evt-000196,2024-01-15T09:10:37.909897+00:00,db-prod-02,user26,192.171.9.86,GB,login_success,2024-01-15T09:10:37.909897+00:00 host=db-prod-02 user=user26 src_ip=192.171.9.86 country=GB action=login_success,0,benign
evt-000290,2024-01-15T09:24:53.250926+00:00,jump-box-01,user37,10.120.176.191,US,logoff,2024-01-15T09:24:53.250926+00:00 host=jump-box-01 user=user37 src_ip=10.120.176.191 country=US action=logoff,0,benign
evt-000262,2024-01-15T09:31:00.538180+00:00,ws-hr-03,user34,10.247.100.195,US,login_success,2024-01-15T09:31:00.538180+00:00 host=ws-hr-03 user=user34 src_ip=10.247.100.195 country=US action=login_success,0,benign
evt-000206,2024-01-15T09:46:30.406590+00:00,ws-fin-01,user27,10.46.167.239,US,login_success,2024-01-15T09:46:30.406590+00:00 host=ws-fin-01 user=user27 src_ip=10.46.167.239 country=US action=login_success,0,benign
evt-000011,2024-01-15T09:54:19.237700+00:00,ws-eng-07,user03,192.228.125.221,GB,login_success,2024-01-15T09:54:19.237700+00:00 host=ws-eng-07 user=user03 src_ip=192.228.125.221 country=GB action=login_success,0,benign
evt-000301,2024-01-15T09:57:07.443360+00:00,ws-eng-07,user39,10.211.134.180,US,login_success,2024-01-15T09:57:07.443360+00:00 host=ws-eng-07 user=user39 src_ip=10.211.134.180 country=US action=login_success,0,benign
evt-000226,2024-01-15T10:03:50.526397+00:00,vpn-gw-01,user29,10.6.76.31,US,login_success,2024-01-15T10:03:50.526397+00:00 host=vpn-gw-01 user=user29 src_ip=10.6.76.31 country=US action=login_success,0,benign
evt-000142,2024-01-15T10:10:47.026215+00:00,db-prod-02,user19,10.189.50.163,US,login_failure,2024-01-15T10:10:47.026215+00:00 host=db-prod-02 user=user19 src_ip=10.189.50.163 country=US action=login_failure,0,benign
evt-000197,2024-01-15T10:11:01.295768+00:00,db-prod-02,user26,192.171.9.86,GB,logoff,2024-01-15T10:11:01.295768+00:00 host=db-prod-02 user=user26 src_ip=192.171.9.86 country=GB action=logoff,0,benign
evt-000143,2024-01-15T10:11:17.557072+00:00,db-prod-02,user19,10.189.50.163,US,login_success,2024-01-15T10:11:17.557072+00:00 host=db-prod-02 user=user19 src_ip=10.189.50.163 country=US action=login_success,0,benign
evt-000263,2024-01-15T10:33:12.226852+00:00,ws-hr-03,user34,10.247.100.195,US,logoff,2024-01-15T10:33:12.226852+00:00 host=ws-hr-03 user=user34 src_ip=10.247.100.195 country=US action=logoff,0,benign
evt-000012,2024-01-15T10:50:29.073039+00:00,ws-eng-07,user03,192.228.125.221,GB,logoff,2024-01-15T10:50:29.073039+00:00 host=ws-eng-07 user=user03 src_ip=192.228.125.221 country=GB action=logoff,0,benign
evt-000207,2024-01-15T10:53:06.987812+00:00,ws-fin-01,user27,10.46.167.239,US,logoff,2024-01-15T10:53:06.987812+00:00 host=ws-fin-01 user=user27 src_ip=10.46.167.239 country=US action=logoff,0,benign
evt-000366,2024-01-15T10:58:44.569718+00:00,jump-box-01,target_travel_02,10.211.226.97,US,login_success,2024-01-15T10:58:44.569718+00:00 host=jump-box-01 user=target_travel_02 src_ip=10.211.226.97 country=US action=login_success,0,benign
evt-000144,2024-01-15T11:01:00.654441+00:00,db-prod-02,user19,10.189.50.163,US,logoff,2024-01-15T11:01:00.654441+00:00 host=db-prod-02 user=user19 src_ip=10.189.50.163 country=US action=logoff,0,benign
evt-000243,2024-01-15T11:04:18.540538+00:00,db-prod-02,user31,10.185.55.153,US,login_success,2024-01-15T11:04:18.540538+00:00 host=db-prod-02 user=user31 src_ip=10.185.55.153 country=US action=login_success,0,benign
evt-000227,2024-01-15T11:04:38.358614+00:00,vpn-gw-01,user29,10.6.76.31,US,logoff,2024-01-15T11:04:38.358614+00:00 host=vpn-gw-01 user=user29 src_ip=10.6.76.31 country=US action=logoff,0,benign
evt-000302,2024-01-15T11:07:43.240113+00:00,ws-eng-07,user39,10.211.134.180,US,logoff,2024-01-15T11:07:43.240113+00:00 host=ws-eng-07 user=user39 src_ip=10.211.134.180 country=US action=logoff,0,benign
evt-000367,2024-01-15T11:15:39.679428+00:00,jump-box-01,target_travel_02,116.158.77.167,CN,login_success,2024-01-15T11:15:39.679428+00:00 host=jump-box-01 user=target_travel_02 src_ip=116.158.77.167 country=CN action=login_success,1,impossible_travel
evt-000295,2024-01-15T11:18:44.033808+00:00,vpn-gw-01,user38,172.244.228.34,CA,login_success,2024-01-15T11:18:44.033808+00:00 host=vpn-gw-01 user=user38 src_ip=172.244.228.34 country=CA action=login_success,0,benign
evt-000264,2024-01-15T11:19:53.253792+00:00,ws-hr-03,user34,10.247.100.195,US,login_success,2024-01-15T11:19:53.253792+00:00 host=ws-hr-03 user=user34 src_ip=10.247.100.195 country=US action=login_success,0,benign
evt-000059,2024-01-15T11:30:50.828719+00:00,db-prod-02,user09,192.153.114.123,GB,login_success,2024-01-15T11:30:50.828719+00:00 host=db-prod-02 user=user09 src_ip=192.153.114.123 country=GB action=login_success,0,benign
evt-000060,2024-01-15T11:48:14.060912+00:00,db-prod-02,user09,192.153.114.123,GB,logoff,2024-01-15T11:48:14.060912+00:00 host=db-prod-02 user=user09 src_ip=192.153.114.123 country=GB action=logoff,0,benign
evt-000121,2024-01-15T11:54:47.543200+00:00,jump-box-01,user17,10.240.16.179,US,login_success,2024-01-15T11:54:47.543200+00:00 host=jump-box-01 user=user17 src_ip=10.240.16.179 country=US action=login_success,0,benign
evt-000296,2024-01-15T12:03:30.446615+00:00,vpn-gw-01,user38,172.244.228.34,CA,logoff,2024-01-15T12:03:30.446615+00:00 host=vpn-gw-01 user=user38 src_ip=172.244.228.34 country=CA action=logoff,0,benign
evt-000162,2024-01-15T12:09:31.357136+00:00,ws-fin-01,user21,10.223.193.120,US,login_success,2024-01-15T12:09:31.357136+00:00 host=ws-fin-01 user=user21 src_ip=10.223.193.120 country=US action=login_success,0,benign
evt-000303,2024-01-15T12:22:29.408914+00:00,ws-eng-07,user39,10.211.134.180,US,login_failure,2024-01-15T12:22:29.408914+00:00 host=ws-eng-07 user=user39 src_ip=10.211.134.180 country=US action=login_failure,0,benign
evt-000304,2024-01-15T12:22:50.946048+00:00,ws-eng-07,user39,10.211.134.180,US,login_success,2024-01-15T12:22:50.946048+00:00 host=ws-eng-07 user=user39 src_ip=10.211.134.180 country=US action=login_success,0,benign
evt-000071,2024-01-15T12:22:59.239945+00:00,jump-box-01,user10,172.152.85.35,CA,login_success,2024-01-15T12:22:59.239945+00:00 host=jump-box-01 user=user10 src_ip=172.152.85.35 country=CA action=login_success,0,benign
evt-000033,2024-01-15T12:27:37.207184+00:00,ws-fin-01,user06,10.115.125.108,US,login_success,2024-01-15T12:27:37.207184+00:00 host=ws-fin-01 user=user06 src_ip=10.115.125.108 country=US action=login_success,0,benign
evt-000265,2024-01-15T12:29:45.485607+00:00,ws-hr-03,user34,10.247.100.195,US,logoff,2024-01-15T12:29:45.485607+00:00 host=ws-hr-03 user=user34 src_ip=10.247.100.195 country=US action=logoff,0,benign
evt-000122,2024-01-15T12:30:15.507774+00:00,jump-box-01,user17,10.240.16.179,US,logoff,2024-01-15T12:30:15.507774+00:00 host=jump-box-01 user=user17 src_ip=10.240.16.179 country=US action=logoff,0,benign
evt-000244,2024-01-15T12:33:54.250186+00:00,db-prod-02,user31,10.185.55.153,US,logoff,2024-01-15T12:33:54.250186+00:00 host=db-prod-02 user=user31 src_ip=10.185.55.153 country=US action=logoff,0,benign
evt-000270,2024-01-15T12:43:24.249561+00:00,jump-box-01,user35,192.197.7.43,GB,login_success,2024-01-15T12:43:24.249561+00:00 host=jump-box-01 user=user35 src_ip=192.197.7.43 country=GB action=login_success,0,benign
evt-000129,2024-01-15T12:46:13.563903+00:00,vpn-gw-01,user18,10.109.164.80,US,login_failure,2024-01-15T12:46:13.563903+00:00 host=vpn-gw-01 user=user18 src_ip=10.109.164.80 country=US action=login_failure,0,benign
evt-000130,2024-01-15T12:46:38.088772+00:00,vpn-gw-01,user18,10.109.164.80,US,login_success,2024-01-15T12:46:38.088772+00:00 host=vpn-gw-01 user=user18 src_ip=10.109.164.80 country=US action=login_success,0,benign
evt-000216,2024-01-15T12:49:01.473565+00:00,db-prod-02,user28,10.241.156.28,US,login_success,2024-01-15T12:49:01.473565+00:00 host=db-prod-02 user=user28 src_ip=10.241.156.28 country=US action=login_success,0,benign
evt-000217,2024-01-15T13:08:54.716619+00:00,db-prod-02,user28,10.241.156.28,US,logoff,2024-01-15T13:08:54.716619+00:00 host=db-prod-02 user=user28 src_ip=10.241.156.28 country=US action=logoff,0,benign
evt-000305,2024-01-15T13:23:55.902774+00:00,ws-eng-07,user39,10.211.134.180,US,logoff,2024-01-15T13:23:55.902774+00:00 host=ws-eng-07 user=user39 src_ip=10.211.134.180 country=US action=logoff,0,benign
evt-000163,2024-01-15T13:25:26.865437+00:00,ws-fin-01,user21,10.223.193.120,US,logoff,2024-01-15T13:25:26.865437+00:00 host=ws-fin-01 user=user21 src_ip=10.223.193.120 country=US action=logoff,0,benign
evt-000131,2024-01-15T13:34:22.500610+00:00,vpn-gw-01,user18,10.109.164.80,US,logoff,2024-01-15T13:34:22.500610+00:00 host=vpn-gw-01 user=user18 src_ip=10.109.164.80 country=US action=logoff,0,benign
evt-000271,2024-01-15T13:46:01.460883+00:00,jump-box-01,user35,192.197.7.43,GB,logoff,2024-01-15T13:46:01.460883+00:00 host=jump-box-01 user=user35 src_ip=192.197.7.43 country=GB action=logoff,0,benign
evt-000218,2024-01-15T13:46:45.861041+00:00,db-prod-02,user28,10.241.156.28,US,login_success,2024-01-15T13:46:45.861041+00:00 host=db-prod-02 user=user28 src_ip=10.241.156.28 country=US action=login_success,0,benign
evt-000034,2024-01-15T13:48:23.799032+00:00,ws-fin-01,user06,10.115.125.108,US,logoff,2024-01-15T13:48:23.799032+00:00 host=ws-fin-01 user=user06 src_ip=10.115.125.108 country=US action=logoff,0,benign
evt-000072,2024-01-15T13:52:55.669371+00:00,jump-box-01,user10,172.152.85.35,CA,logoff,2024-01-15T13:52:55.669371+00:00 host=jump-box-01 user=user10 src_ip=172.152.85.35 country=CA action=logoff,0,benign
evt-000198,2024-01-15T13:57:43.865013+00:00,db-prod-02,user26,192.171.9.86,GB,login_success,2024-01-15T13:57:43.865013+00:00 host=db-prod-02 user=user26 src_ip=192.171.9.86 country=GB action=login_success,0,benign
evt-000208,2024-01-15T13:58:55.709111+00:00,ws-fin-01,user27,10.46.167.239,US,login_failure,2024-01-15T13:58:55.709111+00:00 host=ws-fin-01 user=user27 src_ip=10.46.167.239 country=US action=login_failure,0,benign
evt-000209,2024-01-15T13:59:22.443101+00:00,ws-fin-01,user27,10.46.167.239,US,login_success,2024-01-15T13:59:22.443101+00:00 host=ws-fin-01 user=user27 src_ip=10.46.167.239 country=US action=login_success,0,benign
evt-000297,2024-01-15T14:01:21.858953+00:00,vpn-gw-01,user38,172.244.228.34,CA,login_success,2024-01-15T14:01:21.858953+00:00 host=vpn-gw-01 user=user38 src_ip=172.244.228.34 country=CA action=login_success,0,benign
evt-000228,2024-01-15T14:05:53.048816+00:00,vpn-gw-01,user29,10.6.76.31,US,login_failure,2024-01-15T14:05:53.048816+00:00 host=vpn-gw-01 user=user29 src_ip=10.6.76.31 country=US action=login_failure,0,benign
evt-000229,2024-01-15T14:06:31.485444+00:00,vpn-gw-01,user29,10.6.76.31,US,login_success,2024-01-15T14:06:31.485444+00:00 host=vpn-gw-01 user=user29 src_ip=10.6.76.31 country=US action=login_success,0,benign
evt-000035,2024-01-15T14:09:02.208474+00:00,ws-fin-01,user06,10.115.125.108,US,login_success,2024-01-15T14:09:02.208474+00:00 host=ws-fin-01 user=user06 src_ip=10.115.125.108 country=US action=login_success,0,benign
evt-000132,2024-01-15T14:10:31.659664+00:00,vpn-gw-01,user18,10.109.164.80,US,login_success,2024-01-15T14:10:31.659664+00:00 host=vpn-gw-01 user=user18 src_ip=10.109.164.80 country=US action=login_success,0,benign
evt-000164,2024-01-15T14:10:44.539381+00:00,ws-fin-01,user21,10.223.193.120,US,login_success,2024-01-15T14:10:44.539381+00:00 host=ws-fin-01 user=user21 src_ip=10.223.193.120 country=US action=login_success,0,benign
evt-000133,2024-01-15T14:16:45.851976+00:00,vpn-gw-01,user18,10.109.164.80,US,logoff,2024-01-15T14:16:45.851976+00:00 host=vpn-gw-01 user=user18 src_ip=10.109.164.80 country=US action=logoff,0,benign
evt-000145,2024-01-15T14:16:58.330267+00:00,db-prod-02,user19,10.189.50.163,US,login_success,2024-01-15T14:16:58.330267+00:00 host=db-prod-02 user=user19 src_ip=10.189.50.163 country=US action=login_success,0,benign
evt-000245,2024-01-15T14:21:31.076133+00:00,db-prod-02,user31,10.185.55.153,US,login_success,2024-01-15T14:21:31.076133+00:00 host=db-prod-02 user=user31 src_ip=10.185.55.153 country=US action=login_success,0,benign
evt-000266,2024-01-15T14:21:46.448169+00:00,ws-hr-03,user34,10.247.100.195,US,login_success,2024-01-15T14:21:46.448169+00:00 host=ws-hr-03 user=user34 src_ip=10.247.100.195 country=US action=login_success,0,benign
evt-000298,2024-01-15T14:24:02.767147+00:00,vpn-gw-01,user38,172.244.228.34,CA,logoff,2024-01-15T14:24:02.767147+00:00 host=vpn-gw-01 user=user38 src_ip=172.244.228.34 country=CA action=logoff,0,benign
evt-000219,2024-01-15T14:27:26.729701+00:00,db-prod-02,user28,10.241.156.28,US,logoff,2024-01-15T14:27:26.729701+00:00 host=db-prod-02 user=user28 src_ip=10.241.156.28 country=US action=logoff,0,benign
evt-000267,2024-01-15T14:28:28.612945+00:00,ws-hr-03,user34,10.247.100.195,US,logoff,2024-01-15T14:28:28.612945+00:00 host=ws-hr-03 user=user34 src_ip=10.247.100.195 country=US action=logoff,0,benign
evt-000165,2024-01-15T14:31:50.253750+00:00,ws-fin-01,user21,10.223.193.120,US,logoff,2024-01-15T14:31:50.253750+00:00 host=ws-fin-01 user=user21 src_ip=10.223.193.120 country=US action=logoff,0,benign
evt-000013,2024-01-15T14:33:12.755636+00:00,ws-eng-07,user03,192.228.125.221,GB,login_success,2024-01-15T14:33:12.755636+00:00 host=ws-eng-07 user=user03 src_ip=192.228.125.221 country=GB action=login_success,0,benign
evt-000258,2024-01-15T14:33:36.767471+00:00,ws-eng-07,user33,192.126.236.41,GB,login_success,2024-01-15T14:33:36.767471+00:00 host=ws-eng-07 user=user33 src_ip=192.126.236.41 country=GB action=login_success,0,benign
evt-000146,2024-01-15T14:36:03.574348+00:00,db-prod-02,user19,10.189.50.163,US,logoff,2024-01-15T14:36:03.574348+00:00 host=db-prod-02 user=user19 src_ip=10.189.50.163 country=US action=logoff,0,benign
evt-000134,2024-01-15T14:47:21.459586+00:00,vpn-gw-01,user18,10.109.164.80,US,login_success,2024-01-15T14:47:21.459586+00:00 host=vpn-gw-01 user=user18 src_ip=10.109.164.80 country=US action=login_success,0,benign
evt-000014,2024-01-15T14:49:34.118354+00:00,ws-eng-07,user03,192.228.125.221,GB,logoff,2024-01-15T14:49:34.118354+00:00 host=ws-eng-07 user=user03 src_ip=192.228.125.221 country=GB action=logoff,0,benign
evt-000061,2024-01-15T15:04:20.609015+00:00,db-prod-02,user09,192.153.114.123,GB,login_success,2024-01-15T15:04:20.609015+00:00 host=db-prod-02 user=user09 src_ip=192.153.114.123 country=GB action=login_success,0,benign
evt-000199,2024-01-15T15:10:18.196897+00:00,db-prod-02,user26,192.171.9.86,GB,logoff,2024-01-15T15:10:18.196897+00:00 host=db-prod-02 user=user26 src_ip=192.171.9.86 country=GB action=logoff,0,benign
evt-000062,2024-01-15T15:14:26.869357+00:00,db-prod-02,user09,192.153.114.123,GB,logoff,2024-01-15T15:14:26.869357+00:00 host=db-prod-02 user=user09 src_ip=192.153.114.123 country=GB action=logoff,0,benign
evt-000268,2024-01-15T15:16:03.781282+00:00,ws-hr-03,user34,10.247.100.195,US,login_success,2024-01-15T15:16:03.781282+00:00 host=ws-hr-03 user=user34 src_ip=10.247.100.195 country=US action=login_success,0,benign
evt-000246,2024-01-15T15:16:37.623958+00:00,db-prod-02,user31,10.185.55.153,US,logoff,2024-01-15T15:16:37.623958+00:00 host=db-prod-02 user=user31 src_ip=10.185.55.153 country=US action=logoff,0,benign
evt-000036,2024-01-15T15:21:22.633409+00:00,ws-fin-01,user06,10.115.125.108,US,logoff,2024-01-15T15:21:22.633409+00:00 host=ws-fin-01 user=user06 src_ip=10.115.125.108 country=US action=logoff,0,benign
evt-000230,2024-01-15T15:24:05.713266+00:00,vpn-gw-01,user29,10.6.76.31,US,logoff,2024-01-15T15:24:05.713266+00:00 host=vpn-gw-01 user=user29 src_ip=10.6.76.31 country=US action=logoff,0,benign
evt-000210,2024-01-15T15:27:56.690181+00:00,ws-fin-01,user27,10.46.167.239,US,logoff,2024-01-15T15:27:56.690181+00:00 host=ws-fin-01 user=user27 src_ip=10.46.167.239 country=US action=logoff,0,benign
evt-000259,2024-01-15T15:33:06.525255+00:00,ws-eng-07,user33,192.126.236.41,GB,logoff,2024-01-15T15:33:06.525255+00:00 host=ws-eng-07 user=user33 src_ip=192.126.236.41 country=GB action=logoff,0,benign
evt-000151,2024-01-15T15:37:58.284474+00:00,ws-hr-03,user20,10.22.105.102,US,login_success,2024-01-15T15:37:58.284474+00:00 host=ws-hr-03 user=user20 src_ip=10.22.105.102 country=US action=login_success,0,benign
evt-000135,2024-01-15T15:40:09.782655+00:00,vpn-gw-01,user18,10.109.164.80,US,logoff,2024-01-15T15:40:09.782655+00:00 host=vpn-gw-01 user=user18 src_ip=10.109.164.80 country=US action=logoff,0,benign
evt-000037,2024-01-15T15:46:02.741458+00:00,ws-fin-01,user06,10.115.125.108,US,login_success,2024-01-15T15:46:02.741458+00:00 host=ws-fin-01 user=user06 src_ip=10.115.125.108 country=US action=login_success,0,benign
evt-000306,2024-01-15T15:47:18.318674+00:00,jump-box-01,user40,172.168.123.45,CA,login_success,2024-01-15T15:47:18.318674+00:00 host=jump-box-01 user=user40 src_ip=172.168.123.45 country=CA action=login_success,0,benign
evt-000269,2024-01-15T15:48:24.774064+00:00,ws-hr-03,user34,10.247.100.195,US,logoff,2024-01-15T15:48:24.774064+00:00 host=ws-hr-03 user=user34 src_ip=10.247.100.195 country=US action=logoff,0,benign
evt-000015,2024-01-15T15:55:10.388823+00:00,ws-eng-07,user03,192.228.125.221,GB,login_success,2024-01-15T15:55:10.388823+00:00 host=ws-eng-07 user=user03 src_ip=192.228.125.221 country=GB action=login_success,0,benign
evt-000272,2024-01-15T15:58:17.450321+00:00,jump-box-01,user35,192.197.7.43,GB,login_success,2024-01-15T15:58:17.450321+00:00 host=jump-box-01 user=user35 src_ip=192.197.7.43 country=GB action=login_success,0,benign
evt-000299,2024-01-15T16:11:45.046478+00:00,vpn-gw-01,user38,172.244.228.34,CA,login_success,2024-01-15T16:11:45.046478+00:00 host=vpn-gw-01 user=user38 src_ip=172.244.228.34 country=CA action=login_success,0,benign
evt-000123,2024-01-15T16:17:20.734259+00:00,jump-box-01,user17,10.240.16.179,US,login_success,2024-01-15T16:17:20.734259+00:00 host=jump-box-01 user=user17 src_ip=10.240.16.179 country=US action=login_success,0,benign
evt-000300,2024-01-15T16:17:36.696617+00:00,vpn-gw-01,user38,172.244.228.34,CA,logoff,2024-01-15T16:17:36.696617+00:00 host=vpn-gw-01 user=user38 src_ip=172.244.228.34 country=CA action=logoff,0,benign
evt-000073,2024-01-15T16:20:40.134842+00:00,jump-box-01,user10,172.152.85.35,CA,login_success,2024-01-15T16:20:40.134842+00:00 host=jump-box-01 user=user10 src_ip=172.152.85.35 country=CA action=login_success,0,benign
evt-000362,2024-01-15T16:20:50.676018+00:00,ws-fin-01,target_travel_00,10.184.126.68,US,login_success,2024-01-15T16:20:50.676018+00:00 host=ws-fin-01 user=target_travel_00 src_ip=10.184.126.68 country=US action=login_success,0,benign
evt-000152,2024-01-15T16:26:25.898415+00:00,ws-hr-03,user20,10.22.105.102,US,logoff,2024-01-15T16:26:25.898415+00:00 host=ws-hr-03 user=user20 src_ip=10.22.105.102 country=US action=logoff,0,benign
evt-000363,2024-01-15T16:36:39.547391+00:00,ws-fin-01,target_travel_00,82.239.98.183,RO,login_success,2024-01-15T16:36:39.547391+00:00 host=ws-fin-01 user=target_travel_00 src_ip=82.239.98.183 country=RO action=login_success,1,impossible_travel
evt-000247,2024-01-15T16:45:38.055328+00:00,db-prod-02,user31,10.185.55.153,US,login_success,2024-01-15T16:45:38.055328+00:00 host=db-prod-02 user=user31 src_ip=10.185.55.153 country=US action=login_success,0,benign
evt-000307,2024-01-15T16:47:14.292129+00:00,jump-box-01,user40,172.168.123.45,CA,logoff,2024-01-15T16:47:14.292129+00:00 host=jump-box-01 user=user40 src_ip=172.168.123.45 country=CA action=logoff,0,benign
evt-000038,2024-01-15T16:54:04.840842+00:00,ws-fin-01,user06,10.115.125.108,US,logoff,2024-01-15T16:54:04.840842+00:00 host=ws-fin-01 user=user06 src_ip=10.115.125.108 country=US action=logoff,0,benign
evt-000042,2024-01-15T16:59:37.803797+00:00,ws-fin-01,user07,172.88.215.200,CA,login_failure,2024-01-15T16:59:37.803797+00:00 host=ws-fin-01 user=user07 src_ip=172.88.215.200 country=CA action=login_failure,0,benign
evt-000124,2024-01-15T17:00:02.527616+00:00,jump-box-01,user17,10.240.16.179,US,logoff,2024-01-15T17:00:02.527616+00:00 host=jump-box-01 user=user17 src_ip=10.240.16.179 country=US action=logoff,0,benign
evt-000043,2024-01-15T17:00:14.208815+00:00,ws-fin-01,user07,172.88.215.200,CA,login_success,2024-01-15T17:00:14.208815+00:00 host=ws-fin-01 user=user07 src_ip=172.88.215.200 country=CA action=login_success,0,benign
evt-000231,2024-01-15T17:02:28.252643+00:00,vpn-gw-01,user29,10.6.76.31,US,login_success,2024-01-15T17:02:28.252643+00:00 host=vpn-gw-01 user=user29 src_ip=10.6.76.31 country=US action=login_success,0,benign
evt-000105,2024-01-15T17:03:17.536945+00:00,ws-eng-07,user15,192.246.73.198,GB,login_success,2024-01-15T17:03:17.536945+00:00 host=ws-eng-07 user=user15 src_ip=192.246.73.198 country=GB action=login_success,0,benign
evt-000074,2024-01-15T17:06:26.821667+00:00,jump-box-01,user10,172.152.85.35,CA,logoff,2024-01-15T17:06:26.821667+00:00 host=jump-box-01 user=user10 src_ip=172.152.85.35 country=CA action=logoff,0,benign
evt-000016,2024-01-15T17:13:14.217150+00:00,ws-eng-07,user03,192.228.125.221,GB,logoff,2024-01-15T17:13:14.217150+00:00 host=ws-eng-07 user=user03 src_ip=192.228.125.221 country=GB action=logoff,0,benign
evt-000220,2024-01-15T17:23:39.801355+00:00,db-prod-02,user28,10.241.156.28,US,login_success,2024-01-15T17:23:39.801355+00:00 host=db-prod-02 user=user28 src_ip=10.241.156.28 country=US action=login_success,0,benign
evt-000273,2024-01-15T17:26:33.090334+00:00,jump-box-01,user35,192.197.7.43,GB,logoff,2024-01-15T17:26:33.090334+00:00 host=jump-box-01 user=user35 src_ip=192.197.7.43 country=GB action=logoff,0,benign
evt-000000,2024-01-15T17:26:50.915450+00:00,db-prod-02,user01,10.39.217.31,US,login_success,2024-01-15T17:26:50.915450+00:00 host=db-prod-02 user=user01 src_ip=10.39.217.31 country=US action=login_success,0,benign
evt-000063,2024-01-15T17:27:09.215411+00:00,db-prod-02,user09,192.153.114.123,GB,login_failure,2024-01-15T17:27:09.215411+00:00 host=db-prod-02 user=user09 src_ip=192.153.114.123 country=GB action=login_failure,0,benign
evt-000064,2024-01-15T17:27:27.861346+00:00,db-prod-02,user09,192.153.114.123,GB,login_success,2024-01-15T17:27:27.861346+00:00 host=db-prod-02 user=user09 src_ip=192.153.114.123 country=GB action=login_success,0,benign
evt-000200,2024-01-15T17:45:56.808733+00:00,db-prod-02,user26,192.171.9.86,GB,login_success,2024-01-15T17:45:56.808733+00:00 host=db-prod-02 user=user26 src_ip=192.171.9.86 country=GB action=login_success,0,benign
evt-000344,2024-01-15T17:46:51.420364+00:00,ws-hr-03,target_bf_03,175.252.112.35,KP,login_failure,2024-01-15T17:46:51.420364+00:00 host=ws-hr-03 user=target_bf_03 src_ip=175.252.112.35 country=KP action=login_failure,1,brute_force
evt-000345,2024-01-15T17:46:58.158510+00:00,ws-hr-03,target_bf_03,175.252.112.35,KP,login_failure,2024-01-15T17:46:58.158510+00:00 host=ws-hr-03 user=target_bf_03 src_ip=175.252.112.35 country=KP action=login_failure,1,brute_force
evt-000346,2024-01-15T17:47:25.491189+00:00,ws-hr-03,target_bf_03,175.252.112.35,KP,login_failure,2024-01-15T17:47:25.491189+00:00 host=ws-hr-03 user=target_bf_03 src_ip=175.252.112.35 country=KP action=login_failure,1,brute_force
evt-000248,2024-01-15T17:47:46.442686+00:00,db-prod-02,user31,10.185.55.153,US,logoff,2024-01-15T17:47:46.442686+00:00 host=db-prod-02 user=user31 src_ip=10.185.55.153 country=US action=logoff,0,benign
evt-000260,2024-01-15T17:47:47.694462+00:00,ws-eng-07,user33,192.126.236.41,GB,login_success,2024-01-15T17:47:47.694462+00:00 host=ws-eng-07 user=user33 src_ip=192.126.236.41 country=GB action=login_success,0,benign
evt-000347,2024-01-15T17:48:10.387297+00:00,ws-hr-03,target_bf_03,175.252.112.35,KP,login_failure,2024-01-15T17:48:10.387297+00:00 host=ws-hr-03 user=target_bf_03 src_ip=175.252.112.35 country=KP action=login_failure,1,brute_force
evt-000348,2024-01-15T17:48:40.007491+00:00,ws-hr-03,target_bf_03,175.252.112.35,KP,login_failure,2024-01-15T17:48:40.007491+00:00 host=ws-hr-03 user=target_bf_03 src_ip=175.252.112.35 country=KP action=login_failure,1,brute_force
evt-000349,2024-01-15T17:49:21.100558+00:00,ws-hr-03,target_bf_03,175.252.112.35,KP,login_failure,2024-01-15T17:49:21.100558+00:00 host=ws-hr-03 user=target_bf_03 src_ip=175.252.112.35 country=KP action=login_failure,1,brute_force
evt-000350,2024-01-15T17:49:53.859039+00:00,ws-hr-03,target_bf_03,175.252.112.35,KP,account_lockout,2024-01-15T17:49:53.859039+00:00 host=ws-hr-03 user=target_bf_03 src_ip=175.252.112.35 country=KP action=account_lockout,1,brute_force
evt-000136,2024-01-15T17:53:02.270530+00:00,vpn-gw-01,user18,10.109.164.80,US,login_success,2024-01-15T17:53:02.270530+00:00 host=vpn-gw-01 user=user18 src_ip=10.109.164.80 country=US action=login_success,0,benign
evt-000153,2024-01-15T17:57:46.608931+00:00,ws-hr-03,user20,10.22.105.102,US,login_success,2024-01-15T17:57:46.608931+00:00 host=ws-hr-03 user=user20 src_ip=10.22.105.102 country=US action=login_success,0,benign
evt-000021,2024-01-15T18:07:12.561266+00:00,jump-box-01,user04,10.233.15.236,US,login_success,2024-01-15T18:07:12.561266+00:00 host=jump-box-01 user=user04 src_ip=10.233.15.236 country=US action=login_success,0,benign
evt-000147,2024-01-15T18:09:58.628284+00:00,db-prod-02,user19,10.189.50.163,US,login_success,2024-01-15T18:09:58.628284+00:00 host=db-prod-02 user=user19 src_ip=10.189.50.163 country=US action=login_success,0,benign
evt-000166,2024-01-15T18:10:20.281014+00:00,ws-fin-01,user21,10.223.193.120,US,login_success,2024-01-15T18:10:20.281014+00:00 host=ws-fin-01 user=user21 src_ip=10.223.193.120 country=US action=login_success,0,benign
evt-000001,2024-01-15T18:12:35.484041+00:00,db-prod-02,user01,10.39.217.31,US,logoff,2024-01-15T18:12:35.484041+00:00 host=db-prod-02 user=user01 src_ip=10.39.217.31 country=US action=logoff,0,benign
evt-000232,2024-01-15T18:16:07.464302+00:00,vpn-gw-01,user29,10.6.76.31,US,logoff,2024-01-15T18:16:07.464302+00:00 host=vpn-gw-01 user=user29 src_ip=10.6.76.31 country=US action=logoff,0,benign
evt-000006,2024-01-15T18:16:21.403708+00:00,ws-hr-03,user02,10.184.71.133,US,login_success,2024-01-15T18:16:21.403708+00:00 host=ws-hr-03 user=user02 src_ip=10.184.71.133 country=US action=login_success,0,benign
evt-000364,2024-01-15T18:19:12.289638+00:00,db-prod-02,target_travel_01,10.136.170.194,US,login_success,2024-01-15T18:19:12.289638+00:00 host=db-prod-02 user=target_travel_01 src_ip=10.136.170.194 country=US action=login_success,0,benign
evt-000065,2024-01-15T18:19:37.689876+00:00,db-prod-02,user09,192.153.114.123,GB,logoff,2024-01-15T18:19:37.689876+00:00 host=db-prod-02 user=user09 src_ip=192.153.114.123 country=GB action=logoff,0,benign
evt-000044,2024-01-15T18:20:33.604007+00:00,ws-fin-01,user07,172.88.215.200,CA,logoff,2024-01-15T18:20:33.604007+00:00 host=ws-fin-01 user=user07 src_ip=172.88.215.200 country=CA action=logoff,0,benign
evt-000106,2024-01-15T18:20:37.831631+00:00,ws-eng-07,user15,192.246.73.198,GB,logoff,2024-01-15T18:20:37.831631+00:00 host=ws-eng-07 user=user15 src_ip=192.246.73.198 country=GB action=logoff,0,benign
evt-000261,2024-01-15T18:23:59.475432+00:00,ws-eng-07,user33,192.126.236.41,GB,logoff,2024-01-15T18:23:59.475432+00:00 host=ws-eng-07 user=user33 src_ip=192.126.236.41 country=GB action=logoff,0,benign
evt-000365,2024-01-15T18:32:29.489811+00:00,db-prod-02,target_travel_01,82.200.16.61,RO,login_success,2024-01-15T18:32:29.489811+00:00 host=db-prod-02 user=target_travel_01 src_ip=82.200.16.61 country=RO action=login_success,1,impossible_travel
evt-000221,2024-01-15T18:37:35.641434+00:00,db-prod-02,user28,10.241.156.28,US,logoff,2024-01-15T18:37:35.641434+00:00 host=db-prod-02 user=user28 src_ip=10.241.156.28 country=US action=logoff,0,benign
evt-000181,2024-01-15T18:40:22.989578+00:00,db-prod-02,user24,172.89.223.176,CA,login_success,2024-01-15T18:40:22.989578+00:00 host=db-prod-02 user=user24 src_ip=172.89.223.176 country=CA action=login_success,0,benign
evt-000201,2024-01-15T18:44:56.419361+00:00,db-prod-02,user26,192.171.9.86,GB,logoff,2024-01-15T18:44:56.419361+00:00 host=db-prod-02 user=user26 src_ip=192.171.9.86 country=GB action=logoff,0,benign
evt-000137,2024-01-15T18:45:30.982105+00:00,vpn-gw-01,user18,10.109.164.80,US,logoff,2024-01-15T18:45:30.982105+00:00 host=vpn-gw-01 user=user18 src_ip=10.109.164.80 country=US action=logoff,0,benign
evt-000107,2024-01-15T18:58:48.194656+00:00,ws-eng-07,user15,192.246.73.198,GB,login_success,2024-01-15T18:58:48.194656+00:00 host=ws-eng-07 user=user15 src_ip=192.246.73.198 country=GB action=login_success,0,benign
evt-000233,2024-01-15T19:00:40.985174+00:00,ws-fin-01,user30,10.182.45.181,US,login_success,2024-01-15T19:00:40.985174+00:00 host=ws-fin-01 user=user30 src_ip=10.182.45.181 country=US action=login_success,0,benign
evt-000368,2024-01-15T19:04:08.155605+00:00,db-prod-02,target_travel_03,10.230.135.239,US,login_success,2024-01-15T19:04:08.155605+00:00 host=db-prod-02 user=target_travel_03 src_ip=10.230.135.239 country=US action=login_success,0,benign
evt-000039,2024-01-15T19:07:03.870195+00:00,ws-fin-01,user06,10.115.125.108,US,login_failure,2024-01-15T19:07:03.870195+00:00 host=ws-fin-01 user=user06 src_ip=10.115.125.108 country=US action=login_failure,0,benign
evt-000040,2024-01-15T19:07:13.047639+00:00,ws-fin-01,user06,10.115.125.108,US,login_success,2024-01-15T19:07:13.047639+00:00 host=ws-fin-01 user=user06 src_ip=10.115.125.108 country=US action=login_success,0,benign
evt-000148,2024-01-15T19:07:25.633113+00:00,db-prod-02,user19,10.189.50.163,US,logoff,2024-01-15T19:07:25.633113+00:00 host=db-prod-02 user=user19 src_ip=10.189.50.163 country=US action=logoff,0,benign
evt-000234,2024-01-15T19:09:22.430403+00:00,ws-fin-01,user30,10.182.45.181,US,logoff,2024-01-15T19:09:22.430403+00:00 host=ws-fin-01 user=user30 src_ip=10.182.45.181 country=US action=logoff,0,benign
evt-000007,2024-01-15T19:10:28.085121+00:00,ws-hr-03,user02,10.184.71.133,US,logoff,2024-01-15T19:10:28.085121+00:00 host=ws-hr-03 user=user02 src_ip=10.184.71.133 country=US action=logoff,0,benign
evt-000211,2024-01-15T19:14:01.126715+00:00,ws-fin-01,user27,10.46.167.239,US,login_failure,2024-01-15T19:14:01.126715+00:00 host=ws-fin-01 user=user27 src_ip=10.46.167.239 country=US action=login_failure,0,benign
evt-000212,2024-01-15T19:14:12.865529+00:00,ws-fin-01,user27,10.46.167.239,US,login_success,2024-01-15T19:14:12.865529+00:00 host=ws-fin-01 user=user27 src_ip=10.46.167.239 country=US action=login_success,0,benign
evt-000041,2024-01-15T19:16:01.725880+00:00,ws-fin-01,user06,10.115.125.108,US,logoff,2024-01-15T19:16:01.725880+00:00 host=ws-fin-01 user=user06 src_ip=10.115.125.108 country=US action=logoff,0,benign
evt-000022,2024-01-15T19:16:40.497335+00:00,jump-box-01,user04,10.233.15.236,US,logoff,2024-01-15T19:16:40.497335+00:00 host=jump-box-01 user=user04 src_ip=10.233.15.236 country=US action=logoff,0,benign
evt-000369,2024-01-15T19:18:41.892409+00:00,db-prod-02,target_travel_03,45.231.20.80,RU,login_success,2024-01-15T19:18:41.892409+00:00 host=db-prod-02 user=target_travel_03 src_ip=45.231.20.80 country=RU action=login_success,1,impossible_travel
evt-000045,2024-01-15T19:20:19.892351+00:00,ws-fin-01,user07,172.88.215.200,CA,login_success,2024-01-15T19:20:19.892351+00:00 host=ws-fin-01 user=user07 src_ip=172.88.215.200 country=CA action=login_success,0,benign
evt-000167,2024-01-15T19:24:05.940845+00:00,ws-fin-01,user21,10.223.193.120,US,logoff,2024-01-15T19:24:05.940845+00:00 host=ws-fin-01 user=user21 src_ip=10.223.193.120 country=US action=logoff,0,benign
evt-000154,2024-01-15T19:26:47.247105+00:00,ws-hr-03,user20,10.22.105.102,US,logoff,2024-01-15T19:26:47.247105+00:00 host=ws-hr-03 user=user20 src_ip=10.22.105.102 country=US action=logoff,0,benign
evt-000108,2024-01-15T19:27:20.140525+00:00,ws-eng-07,user15,192.246.73.198,GB,logoff,2024-01-15T19:27:20.140525+00:00 host=ws-eng-07 user=user15 src_ip=192.246.73.198 country=GB action=logoff,0,benign
evt-000182,2024-01-15T19:33:38.621818+00:00,db-prod-02,user24,172.89.223.176,CA,logoff,2024-01-15T19:33:38.621818+00:00 host=db-prod-02 user=user24 src_ip=172.89.223.176 country=CA action=logoff,0,benign
evt-000082,2024-01-15T20:00:43.347530+00:00,vpn-gw-01,user12,10.2.236.147,US,login_success,2024-01-15T20:00:43.347530+00:00 host=vpn-gw-01 user=user12 src_ip=10.2.236.147 country=US action=login_success,0,benign
evt-000308,2024-01-15T20:12:53.453329+00:00,jump-box-01,user40,172.168.123.45,CA,login_success,2024-01-15T20:12:53.453329+00:00 host=jump-box-01 user=user40 src_ip=172.168.123.45 country=CA action=login_success,0,benign
evt-000046,2024-01-15T20:16:22.923719+00:00,ws-fin-01,user07,172.88.215.200,CA,logoff,2024-01-15T20:16:22.923719+00:00 host=ws-fin-01 user=user07 src_ip=172.88.215.200 country=CA action=logoff,0,benign
evt-000125,2024-01-15T20:22:42.475715+00:00,jump-box-01,user17,10.240.16.179,US,login_success,2024-01-15T20:22:42.475715+00:00 host=jump-box-01 user=user17 src_ip=10.240.16.179 country=US action=login_success,0,benign
evt-000066,2024-01-15T20:25:42.974853+00:00,db-prod-02,user09,192.153.114.123,GB,login_success,2024-01-15T20:25:42.974853+00:00 host=db-prod-02 user=user09 src_ip=192.153.114.123 country=GB action=login_success,0,benign
evt-000183,2024-01-15T20:27:38.578528+00:00,db-prod-02,user24,172.89.223.176,CA,login_failure,2024-01-15T20:27:38.578528+00:00 host=db-prod-02 user=user24 src_ip=172.89.223.176 country=CA action=login_failure,0,benign
evt-000184,2024-01-15T20:27:47.306740+00:00,db-prod-02,user24,172.89.223.176,CA,login_success,2024-01-15T20:27:47.306740+00:00 host=db-prod-02 user=user24 src_ip=172.89.223.176 country=CA action=login_success,0,benign
evt-000202,2024-01-15T20:29:22.730601+00:00,db-prod-02,user26,192.171.9.86,GB,login_success,2024-01-15T20:29:22.730601+00:00 host=db-prod-02 user=user26 src_ip=192.171.9.86 country=GB action=login_success,0,benign
evt-000309,2024-01-15T20:29:39.212616+00:00,jump-box-01,user40,172.168.123.45,CA,logoff,2024-01-15T20:29:39.212616+00:00 host=jump-box-01 user=user40 src_ip=172.168.123.45 country=CA action=logoff,0,benign
evt-000213,2024-01-15T20:35:20.852712+00:00,ws-fin-01,user27,10.46.167.239,US,logoff,2024-01-15T20:35:20.852712+00:00 host=ws-fin-01 user=user27 src_ip=10.46.167.239 country=US action=logoff,0,benign
evt-000067,2024-01-15T20:40:17.246457+00:00,db-prod-02,user09,192.153.114.123,GB,logoff,2024-01-15T20:40:17.246457+00:00 host=db-prod-02 user=user09 src_ip=192.153.114.123 country=GB action=logoff,0,benign
evt-000017,2024-01-15T20:52:11.405257+00:00,ws-eng-07,user03,192.228.125.221,GB,login_success,2024-01-15T20:52:11.405257+00:00 host=ws-eng-07 user=user03 src_ip=192.228.125.221 country=GB action=login_success,0,benign
evt-000274,2024-01-15T20:58:04.888682+00:00,jump-box-01,user35,192.197.7.43,GB,login_success,2024-01-15T20:58:04.888682+00:00 host=jump-box-01 user=user35 src_ip=192.197.7.43 country=GB action=login_success,0,benign
evt-000018,2024-01-15T21:03:49.418346+00:00,ws-eng-07,user03,192.228.125.221,GB,logoff,2024-01-15T21:03:49.418346+00:00 host=ws-eng-07 user=user03 src_ip=192.228.125.221 country=GB action=logoff,0,benign
evt-000138,2024-01-15T21:04:00.795954+00:00,vpn-gw-01,user18,10.109.164.80,US,login_success,2024-01-15T21:04:00.795954+00:00 host=vpn-gw-01 user=user18 src_ip=10.109.164.80 country=US action=login_success,0,benign
evt-000126,2024-01-15T21:15:00.762223+00:00,jump-box-01,user17,10.240.16.179,US,logoff,2024-01-15T21:15:00.762223+00:00 host=jump-box-01 user=user17 src_ip=10.240.16.179 country=US action=logoff,0,benign
evt-000083,2024-01-15T21:15:58.474495+00:00,vpn-gw-01,user12,10.2.236.147,US,logoff,2024-01-15T21:15:58.474495+00:00 host=vpn-gw-01 user=user12 src_ip=10.2.236.147 country=US action=logoff,0,benign
evt-000275,2024-01-15T21:22:34.435748+00:00,jump-box-01,user35,192.197.7.43,GB,logoff,2024-01-15T21:22:34.435748+00:00 host=jump-box-01 user=user35 src_ip=192.197.7.43 country=GB action=logoff,0,benign
evt-000214,2024-01-15T21:27:00.951861+00:00,ws-fin-01,user27,10.46.167.239,US,login_success,2024-01-15T21:27:00.951861+00:00 host=ws-fin-01 user=user27 src_ip=10.46.167.239 country=US action=login_success,0,benign
evt-000149,2024-01-15T21:30:34.757498+00:00,db-prod-02,user19,10.189.50.163,US,login_success,2024-01-15T21:30:34.757498+00:00 host=db-prod-02 user=user19 src_ip=10.189.50.163 country=US action=login_success,0,benign
evt-000185,2024-01-15T21:32:03.054860+00:00,db-prod-02,user24,172.89.223.176,CA,logoff,2024-01-15T21:32:03.054860+00:00 host=db-prod-02 user=user24 src_ip=172.89.223.176 country=CA action=logoff,0,benign
evt-000099,2024-01-15T21:34:03.240185+00:00,vpn-gw-01,user14,10.244.123.240,US,login_success,2024-01-15T21:34:03.240185+00:00 host=vpn-gw-01 user=user14 src_ip=10.244.123.240 country=US action=login_success,0,benign
evt-000222,2024-01-15T21:36:31.742848+00:00,db-prod-02,user28,10.241.156.28,US,login_success,2024-01-15T21:36:31.742848+00:00 host=db-prod-02 user=user28 src_ip=10.241.156.28 country=US action=login_success,0,benign
evt-000019,2024-01-15T21:38:32.068936+00:00,ws-eng-07,user03,192.228.125.221,GB,login_success,2024-01-15T21:38:32.068936+00:00 host=ws-eng-07 user=user03 src_ip=192.228.125.221 country=GB action=login_success,0,benign
evt-000155,2024-01-15T21:42:07.832078+00:00,ws-hr-03,user20,10.22.105.102,US,login_success,2024-01-15T21:42:07.832078+00:00 host=ws-hr-03 user=user20 src_ip=10.22.105.102 country=US action=login_success,0,benign
evt-000051,2024-01-15T21:47:27.803865+00:00,ws-eng-07,user08,10.79.55.156,US,login_success,2024-01-15T21:47:27.803865+00:00 host=ws-eng-07 user=user08 src_ip=10.79.55.156 country=US action=login_success,0,benign
evt-000203,2024-01-15T21:53:30.856175+00:00,db-prod-02,user26,192.171.9.86,GB,logoff,2024-01-15T21:53:30.856175+00:00 host=db-prod-02 user=user26 src_ip=192.171.9.86 country=GB action=logoff,0,benign
evt-000008,2024-01-15T21:56:46.396107+00:00,ws-hr-03,user02,10.184.71.133,US,login_failure,2024-01-15T21:56:46.396107+00:00 host=ws-hr-03 user=user02 src_ip=10.184.71.133 country=US action=login_failure,0,benign
evt-000009,2024-01-15T21:57:10.401401+00:00,ws-hr-03,user02,10.184.71.133,US,login_success,2024-01-15T21:57:10.401401+00:00 host=ws-hr-03 user=user02 src_ip=10.184.71.133 country=US action=login_success,0,benign
evt-000068,2024-01-15T22:02:35.941234+00:00,db-prod-02,user09,192.153.114.123,GB,login_failure,2024-01-15T22:02:35.941234+00:00 host=db-prod-02 user=user09 src_ip=192.153.114.123 country=GB action=login_failure,0,benign
evt-000069,2024-01-15T22:02:46.872462+00:00,db-prod-02,user09,192.153.114.123,GB,login_success,2024-01-15T22:02:46.872462+00:00 host=db-prod-02 user=user09 src_ip=192.153.114.123 country=GB action=login_success,0,benign
evt-000215,2024-01-15T22:03:24.284991+00:00,ws-fin-01,user27,10.46.167.239,US,logoff,2024-01-15T22:03:24.284991+00:00 host=ws-fin-01 user=user27 src_ip=10.46.167.239 country=US action=logoff,0,benign
evt-000052,2024-01-15T22:04:26.572230+00:00,ws-eng-07,user08,10.79.55.156,US,logoff,2024-01-15T22:04:26.572230+00:00 host=ws-eng-07 user=user08 src_ip=10.79.55.156 country=US action=logoff,0,benign
evt-000109,2024-01-15T22:04:32.824372+00:00,ws-eng-07,user15,192.246.73.198,GB,login_success,2024-01-15T22:04:32.824372+00:00 host=ws-eng-07 user=user15 src_ip=192.246.73.198 country=GB action=login_success,0,benign
evt-000002,2024-01-15T22:06:32.528404+00:00,db-prod-02,user01,10.39.217.31,US,login_success,2024-01-15T22:06:32.528404+00:00 host=db-prod-02 user=user01 src_ip=10.39.217.31 country=US action=login_success,0,benign
evt-000070,2024-01-15T22:07:58.971804+00:00,db-prod-02,user09,192.153.114.123,GB,logoff,2024-01-15T22:07:58.971804+00:00 host=db-prod-02 user=user09 src_ip=192.153.114.123 country=GB action=logoff,0,benign
evt-000100,2024-01-15T22:08:28.539541+00:00,vpn-gw-01,user14,10.244.123.240,US,logoff,2024-01-15T22:08:28.539541+00:00 host=vpn-gw-01 user=user14 src_ip=10.244.123.240 country=US action=logoff,0,benign
evt-000139,2024-01-15T22:13:27.948798+00:00,vpn-gw-01,user18,10.109.164.80,US,logoff,2024-01-15T22:13:27.948798+00:00 host=vpn-gw-01 user=user18 src_ip=10.109.164.80 country=US action=logoff,0,benign
evt-000310,2024-01-15T22:16:40.589810+00:00,jump-box-01,user40,172.168.123.45,CA,login_success,2024-01-15T22:16:40.589810+00:00 host=jump-box-01 user=user40 src_ip=172.168.123.45 country=CA action=login_success,0,benign
evt-000027,2024-01-15T22:16:57.357069+00:00,jump-box-01,user05,10.143.41.201,US,login_success,2024-01-15T22:16:57.357069+00:00 host=jump-box-01 user=user05 src_ip=10.143.41.201 country=US action=login_success,0,benign
evt-000316,2024-01-15T22:21:07.756288+00:00,ws-hr-03,target_bf_00,105.252.104.49,NG,login_failure,2024-01-15T22:21:07.756288+00:00 host=ws-hr-03 user=target_bf_00 src_ip=105.252.104.49 country=NG action=login_failure,1,brute_force
evt-000317,2024-01-15T22:21:42.484659+00:00,ws-hr-03,target_bf_00,105.252.104.49,NG,login_failure,2024-01-15T22:21:42.484659+00:00 host=ws-hr-03 user=target_bf_00 src_ip=105.252.104.49 country=NG action=login_failure,1,brute_force
evt-000318,2024-01-15T22:22:07.076297+00:00,ws-hr-03,target_bf_00,105.252.104.49,NG,login_failure,2024-01-15T22:22:07.076297+00:00 host=ws-hr-03 user=target_bf_00 src_ip=105.252.104.49 country=NG action=login_failure,1,brute_force
evt-000319,2024-01-15T22:22:46.949766+00:00,ws-hr-03,target_bf_00,105.252.104.49,NG,login_failure,2024-01-15T22:22:46.949766+00:00 host=ws-hr-03 user=target_bf_00 src_ip=105.252.104.49 country=NG action=login_failure,1,brute_force
evt-000320,2024-01-15T22:23:13.913863+00:00,ws-hr-03,target_bf_00,105.252.104.49,NG,login_failure,2024-01-15T22:23:13.913863+00:00 host=ws-hr-03 user=target_bf_00 src_ip=105.252.104.49 country=NG action=login_failure,1,brute_force
evt-000321,2024-01-15T22:23:27.558857+00:00,ws-hr-03,target_bf_00,105.252.104.49,NG,login_failure,2024-01-15T22:23:27.558857+00:00 host=ws-hr-03 user=target_bf_00 src_ip=105.252.104.49 country=NG action=login_failure,1,brute_force
evt-000322,2024-01-15T22:23:59.127806+00:00,ws-hr-03,target_bf_00,105.252.104.49,NG,login_failure,2024-01-15T22:23:59.127806+00:00 host=ws-hr-03 user=target_bf_00 src_ip=105.252.104.49 country=NG action=login_failure,1,brute_force
evt-000323,2024-01-15T22:24:07.491512+00:00,ws-hr-03,target_bf_00,105.252.104.49,NG,login_failure,2024-01-15T22:24:07.491512+00:00 host=ws-hr-03 user=target_bf_00 src_ip=105.252.104.49 country=NG action=login_failure,1,brute_force
evt-000324,2024-01-15T22:24:37.279893+00:00,ws-hr-03,target_bf_00,105.252.104.49,NG,login_failure,2024-01-15T22:24:37.279893+00:00 host=ws-hr-03 user=target_bf_00 src_ip=105.252.104.49 country=NG action=login_failure,1,brute_force
evt-000325,2024-01-15T22:24:49.053471+00:00,ws-hr-03,target_bf_00,105.252.104.49,NG,login_success,2024-01-15T22:24:49.053471+00:00 host=ws-hr-03 user=target_bf_00 src_ip=105.252.104.49 country=NG action=login_success,1,brute_force
evt-000010,2024-01-15T22:26:06.357548+00:00,ws-hr-03,user02,10.184.71.133,US,logoff,2024-01-15T22:26:06.357548+00:00 host=ws-hr-03 user=user02 src_ip=10.184.71.133 country=US action=logoff,0,benign
evt-000249,2024-01-15T22:30:47.169273+00:00,ws-eng-07,user32,172.203.105.80,CA,login_success,2024-01-15T22:30:47.169273+00:00 host=ws-eng-07 user=user32 src_ip=172.203.105.80 country=CA action=login_success,0,benign
evt-000075,2024-01-15T22:31:01.612685+00:00,ws-eng-07,user11,10.131.81.72,US,login_success,2024-01-15T22:31:01.612685+00:00 host=ws-eng-07 user=user11 src_ip=10.131.81.72 country=US action=login_success,0,benign
evt-000076,2024-01-15T22:38:07.517791+00:00,ws-eng-07,user11,10.131.81.72,US,logoff,2024-01-15T22:38:07.517791+00:00 host=ws-eng-07 user=user11 src_ip=10.131.81.72 country=US action=logoff,0,benign
evt-000235,2024-01-15T22:40:47.411523+00:00,ws-fin-01,user30,10.182.45.181,US,login_success,2024-01-15T22:40:47.411523+00:00 host=ws-fin-01 user=user30 src_ip=10.182.45.181 country=US action=login_success,0,benign
evt-000020,2024-01-15T22:47:46.834362+00:00,ws-eng-07,user03,192.228.125.221,GB,logoff,2024-01-15T22:47:46.834362+00:00 host=ws-eng-07 user=user03 src_ip=192.228.125.221 country=GB action=logoff,0,benign
evt-000111,2024-01-15T22:50:02.533887+00:00,vpn-gw-01,user16,10.68.69.109,US,login_success,2024-01-15T22:50:02.533887+00:00 host=vpn-gw-01 user=user16 src_ip=10.68.69.109 country=US action=login_success,0,benign
evt-000101,2024-01-15T22:53:32.695598+00:00,vpn-gw-01,user14,10.244.123.240,US,login_success,2024-01-15T22:53:32.695598+00:00 host=vpn-gw-01 user=user14 src_ip=10.244.123.240 country=US action=login_success,0,benign
evt-000150,2024-01-15T22:54:42.508674+00:00,db-prod-02,user19,10.189.50.163,US,logoff,2024-01-15T22:54:42.508674+00:00 host=db-prod-02 user=user19 src_ip=10.189.50.163 country=US action=logoff,0,benign
evt-000223,2024-01-15T22:54:56.321887+00:00,db-prod-02,user28,10.241.156.28,US,logoff,2024-01-15T22:54:56.321887+00:00 host=db-prod-02 user=user28 src_ip=10.241.156.28 country=US action=logoff,0,benign
evt-000156,2024-01-15T22:56:07.116171+00:00,ws-hr-03,user20,10.22.105.102,US,logoff,2024-01-15T22:56:07.116171+00:00 host=ws-hr-03 user=user20 src_ip=10.22.105.102 country=US action=logoff,0,benign
evt-000280,2024-01-15T23:02:35.837587+00:00,db-prod-02,user36,10.192.216.226,US,login_success,2024-01-15T23:02:35.837587+00:00 host=db-prod-02 user=user36 src_ip=10.192.216.226 country=US action=login_success,0,benign
evt-000023,2024-01-15T23:07:37.048058+00:00,jump-box-01,user04,10.233.15.236,US,login_success,2024-01-15T23:07:37.048058+00:00 host=jump-box-01 user=user04 src_ip=10.233.15.236 country=US action=login_success,0,benign
evt-000110,2024-01-15T23:07:59.393022+00:00,ws-eng-07,user15,192.246.73.198,GB,logoff,2024-01-15T23:07:59.393022+00:00 host=ws-eng-07 user=user15 src_ip=192.246.73.198 country=GB action=logoff,0,benign
evt-000170,2024-01-15T23:09:13.626320+00:00,vpn-gw-01,user22,10.229.7.118,US,login_success,2024-01-15T23:09:13.626320+00:00 host=vpn-gw-01 user=user22 src_ip=10.229.7.118 country=US action=login_success,0,benign
evt-000102,2024-01-15T23:13:27.237944+00:00,vpn-gw-01,user14,10.244.123.240,US,logoff,2024-01-15T23:13:27.237944+00:00 host=vpn-gw-01 user=user14 src_ip=10.244.123.240 country=US action=logoff,0,benign
evt-000168,2024-01-15T23:14:11.132435+00:00,ws-fin-01,user21,10.223.193.120,US,login_success,2024-01-15T23:14:11.132435+00:00 host=ws-fin-01 user=user21 src_ip=10.223.193.120 country=US action=login_success,0,benign
evt-000077,2024-01-15T23:14:43.559451+00:00,ws-eng-07,user11,10.131.81.72,US,login_failure,2024-01-15T23:14:43.559451+00:00 host=ws-eng-07 user=user11 src_ip=10.131.81.72 country=US action=login_failure,0,benign
evt-000078,2024-01-15T23:14:52.300983+00:00,ws-eng-07,user11,10.131.81.72,US,login_success,2024-01-15T23:14:52.300983+00:00 host=ws-eng-07 user=user11 src_ip=10.131.81.72 country=US action=login_success,0,benign
evt-000112,2024-01-15T23:15:24.376203+00:00,vpn-gw-01,user16,10.68.69.109,US,logoff,2024-01-15T23:15:24.376203+00:00 host=vpn-gw-01 user=user16 src_ip=10.68.69.109 country=US action=logoff,0,benign
evt-000003,2024-01-15T23:16:16.587051+00:00,db-prod-02,user01,10.39.217.31,US,logoff,2024-01-15T23:16:16.587051+00:00 host=db-prod-02 user=user01 src_ip=10.39.217.31 country=US action=logoff,0,benign
evt-000053,2024-01-15T23:18:33.699703+00:00,ws-eng-07,user08,10.79.55.156,US,login_success,2024-01-15T23:18:33.699703+00:00 host=ws-eng-07 user=user08 src_ip=10.79.55.156 country=US action=login_success,0,benign
evt-000171,2024-01-15T23:19:37.345499+00:00,vpn-gw-01,user22,10.229.7.118,US,logoff,2024-01-15T23:19:37.345499+00:00 host=vpn-gw-01 user=user22 src_ip=10.229.7.118 country=US action=logoff,0,benign
evt-000311,2024-01-15T23:22:50.160700+00:00,jump-box-01,user40,172.168.123.45,CA,logoff,2024-01-15T23:22:50.160700+00:00 host=jump-box-01 user=user40 src_ip=172.168.123.45 country=CA action=logoff,0,benign
evt-000169,2024-01-15T23:25:16.745819+00:00,ws-fin-01,user21,10.223.193.120,US,logoff,2024-01-15T23:25:16.745819+00:00 host=ws-fin-01 user=user21 src_ip=10.223.193.120 country=US action=logoff,0,benign
evt-000250,2024-01-15T23:40:54.130363+00:00,ws-eng-07,user32,172.203.105.80,CA,logoff,2024-01-15T23:40:54.130363+00:00 host=ws-eng-07 user=user32 src_ip=172.203.105.80 country=CA action=logoff,0,benign
evt-000113,2024-01-15T23:43:20.562076+00:00,vpn-gw-01,user16,10.68.69.109,US,login_success,2024-01-15T23:43:20.562076+00:00 host=vpn-gw-01 user=user16 src_ip=10.68.69.109 country=US action=login_success,0,benign
evt-000028,2024-01-15T23:44:04.925483+00:00,jump-box-01,user05,10.143.41.201,US,logoff,2024-01-15T23:44:04.925483+00:00 host=jump-box-01 user=user05 src_ip=10.143.41.201 country=US action=logoff,0,benign
evt-000236,2024-01-15T23:44:27.859086+00:00,ws-fin-01,user30,10.182.45.181,US,logoff,2024-01-15T23:44:27.859086+00:00 host=ws-fin-01 user=user30 src_ip=10.182.45.181 country=US action=logoff,0,benign
evt-000281,2024-01-15T23:46:23.458097+00:00,db-prod-02,user36,10.192.216.226,US,logoff,2024-01-15T23:46:23.458097+00:00 host=db-prod-02 user=user36 src_ip=10.192.216.226 country=US action=logoff,0,benign
evt-000084,2024-01-15T23:47:47.175431+00:00,vpn-gw-01,user12,10.2.236.147,US,login_success,2024-01-15T23:47:47.175431+00:00 host=vpn-gw-01 user=user12 src_ip=10.2.236.147 country=US action=login_success,0,benign
evt-000186,2024-01-15T23:49:33.166442+00:00,ws-hr-03,user25,192.226.115.250,GB,login_success,2024-01-15T23:49:33.166442+00:00 host=ws-hr-03 user=user25 src_ip=192.226.115.250 country=GB action=login_success,0,benign
evt-000024,2024-01-16T00:06:46.591263+00:00,jump-box-01,user04,10.233.15.236,US,logoff,2024-01-16T00:06:46.591263+00:00 host=jump-box-01 user=user04 src_ip=10.233.15.236 country=US action=logoff,0,benign
evt-000047,2024-01-16T00:07:48.292510+00:00,ws-fin-01,user07,172.88.215.200,CA,login_success,2024-01-16T00:07:48.292510+00:00 host=ws-fin-01 user=user07 src_ip=172.88.215.200 country=CA action=login_success,0,benign
evt-000157,2024-01-16T00:07:57.015609+00:00,ws-hr-03,user20,10.22.105.102,US,login_success,2024-01-16T00:07:57.015609+00:00 host=ws-hr-03 user=user20 src_ip=10.22.105.102 country=US action=login_success,0,benign
evt-000079,2024-01-16T00:08:40.447870+00:00,ws-eng-07,user11,10.131.81.72,US,logoff,2024-01-16T00:08:40.447870+00:00 host=ws-eng-07 user=user11 src_ip=10.131.81.72 country=US action=logoff,0,benign
evt-000237,2024-01-16T00:10:04.497631+00:00,ws-fin-01,user30,10.182.45.181,US,login_success,2024-01-16T00:10:04.497631+00:00 host=ws-fin-01 user=user30 src_ip=10.182.45.181 country=US action=login_success,0,benign
evt-000085,2024-01-16T00:36:20.385269+00:00,vpn-gw-01,user12,10.2.236.147,US,logoff,2024-01-16T00:36:20.385269+00:00 host=vpn-gw-01 user=user12 src_ip=10.2.236.147 country=US action=logoff,0,benign
evt-000054,2024-01-16T00:37:44.513426+00:00,ws-eng-07,user08,10.79.55.156,US,logoff,2024-01-16T00:37:44.513426+00:00 host=ws-eng-07 user=user08 src_ip=10.79.55.156 country=US action=logoff,0,benign
evt-000090,2024-01-16T00:42:19.859724+00:00,db-prod-02,user13,172.250.174.154,CA,login_failure,2024-01-16T00:42:19.859724+00:00 host=db-prod-02 user=user13 src_ip=172.250.174.154 country=CA action=login_failure,0,benign
evt-000091,2024-01-16T00:42:28.188308+00:00,db-prod-02,user13,172.250.174.154,CA,login_success,2024-01-16T00:42:28.188308+00:00 host=db-prod-02 user=user13 src_ip=172.250.174.154 country=CA action=login_success,0,benign
evt-000187,2024-01-16T00:53:36.912530+00:00,ws-hr-03,user25,192.226.115.250,GB,logoff,2024-01-16T00:53:36.912530+00:00 host=ws-hr-03 user=user25 src_ip=192.226.115.250 country=GB action=logoff,0,benign
evt-000238,2024-01-16T00:55:45.062375+00:00,ws-fin-01,user30,10.182.45.181,US,logoff,2024-01-16T00:55:45.062375+00:00 host=ws-fin-01 user=user30 src_ip=10.182.45.181 country=US action=logoff,0,benign
evt-000114,2024-01-16T01:03:27.000361+00:00,vpn-gw-01,user16,10.68.69.109,US,logoff,2024-01-16T01:03:27.000361+00:00 host=vpn-gw-01 user=user16 src_ip=10.68.69.109 country=US action=logoff,0,benign
evt-000103,2024-01-16T01:04:01.948439+00:00,vpn-gw-01,user14,10.244.123.240,US,login_success,2024-01-16T01:04:01.948439+00:00 host=vpn-gw-01 user=user14 src_ip=10.244.123.240 country=US action=login_success,0,benign
evt-000048,2024-01-16T01:07:54.166250+00:00,ws-fin-01,user07,172.88.215.200,CA,logoff,2024-01-16T01:07:54.166250+00:00 host=ws-fin-01 user=user07 src_ip=172.88.215.200 country=CA action=logoff,0,benign
evt-000224,2024-01-16T01:07:59.946060+00:00,db-prod-02,user28,10.241.156.28,US,login_success,2024-01-16T01:07:59.946060+00:00 host=db-prod-02 user=user28 src_ip=10.241.156.28 country=US action=login_success,0,benign
evt-000276,2024-01-16T01:10:47.940066+00:00,jump-box-01,user35,192.197.7.43,GB,login_success,2024-01-16T01:10:47.940066+00:00 host=jump-box-01 user=user35 src_ip=192.197.7.43 country=GB action=login_success,0,benign
evt-000127,2024-01-16T01:11:04.981550+00:00,jump-box-01,user17,10.240.16.179,US,login_success,2024-01-16T01:11:04.981550+00:00 host=jump-box-01 user=user17 src_ip=10.240.16.179 country=US action=login_success,0,benign
evt-000104,2024-01-16T01:13:59.185344+00:00,vpn-gw-01,user14,10.244.123.240,US,logoff,2024-01-16T01:13:59.185344+00:00 host=vpn-gw-01 user=user14 src_ip=10.244.123.240 country=US action=logoff,0,benign
evt-000128,2024-01-16T01:23:18.450821+00:00,jump-box-01,user17,10.240.16.179,US,logoff,2024-01-16T01:23:18.450821+00:00 host=jump-box-01 user=user17 src_ip=10.240.16.179 country=US action=logoff,0,benign
evt-000055,2024-01-16T01:24:45.945973+00:00,ws-eng-07,user08,10.79.55.156,US,login_success,2024-01-16T01:24:45.945973+00:00 host=ws-eng-07 user=user08 src_ip=10.79.55.156 country=US action=login_success,0,benign
evt-000158,2024-01-16T01:31:22.245754+00:00,ws-hr-03,user20,10.22.105.102,US,logoff,2024-01-16T01:31:22.245754+00:00 host=ws-hr-03 user=user20 src_ip=10.22.105.102 country=US action=logoff,0,benign
evt-000029,2024-01-16T01:34:17.057720+00:00,jump-box-01,user05,10.143.41.201,US,login_success,2024-01-16T01:34:17.057720+00:00 host=jump-box-01 user=user05 src_ip=10.143.41.201 country=US action=login_success,0,benign
evt-000277,2024-01-16T01:35:07.813367+00:00,jump-box-01,user35,192.197.7.43,GB,logoff,2024-01-16T01:35:07.813367+00:00 host=jump-box-01 user=user35 src_ip=192.197.7.43 country=GB action=logoff,0,benign
evt-000188,2024-01-16T01:37:35.034697+00:00,ws-hr-03,user25,192.226.115.250,GB,login_success,2024-01-16T01:37:35.034697+00:00 host=ws-hr-03 user=user25 src_ip=192.226.115.250 country=GB action=login_success,0,benign
evt-000086,2024-01-16T01:41:13.093033+00:00,vpn-gw-01,user12,10.2.236.147,US,login_success,2024-01-16T01:41:13.093033+00:00 host=vpn-gw-01 user=user12 src_ip=10.2.236.147 country=US action=login_success,0,benign
evt-000239,2024-01-16T01:41:56.811722+00:00,ws-fin-01,user30,10.182.45.181,US,login_success,2024-01-16T01:41:56.811722+00:00 host=ws-fin-01 user=user30 src_ip=10.182.45.181 country=US action=login_success,0,benign
evt-000080,2024-01-16T01:50:26.588002+00:00,ws-eng-07,user11,10.131.81.72,US,login_success,2024-01-16T01:50:26.588002+00:00 host=ws-eng-07 user=user11 src_ip=10.131.81.72 country=US action=login_success,0,benign
evt-000092,2024-01-16T01:57:08.986864+00:00,db-prod-02,user13,172.250.174.154,CA,logoff,2024-01-16T01:57:08.986864+00:00 host=db-prod-02 user=user13 src_ip=172.250.174.154 country=CA action=logoff,0,benign
evt-000056,2024-01-16T02:03:50.760656+00:00,ws-eng-07,user08,10.79.55.156,US,logoff,2024-01-16T02:03:50.760656+00:00 host=ws-eng-07 user=user08 src_ip=10.79.55.156 country=US action=logoff,0,benign
evt-000172,2024-01-16T02:07:02.371379+00:00,vpn-gw-01,user22,10.229.7.118,US,login_success,2024-01-16T02:07:02.371379+00:00 host=vpn-gw-01 user=user22 src_ip=10.229.7.118 country=US action=login_success,0,benign
evt-000159,2024-01-16T02:10:34.581208+00:00,ws-hr-03,user20,10.22.105.102,US,login_failure,2024-01-16T02:10:34.581208+00:00 host=ws-hr-03 user=user20 src_ip=10.22.105.102 country=US action=login_failure,0,benign
evt-000160,2024-01-16T02:11:05.812900+00:00,ws-hr-03,user20,10.22.105.102,US,login_success,2024-01-16T02:11:05.812900+00:00 host=ws-hr-03 user=user20 src_ip=10.22.105.102 country=US action=login_success,0,benign
evt-000312,2024-01-16T02:14:42.181445+00:00,jump-box-01,user40,172.168.123.45,CA,login_success,2024-01-16T02:14:42.181445+00:00 host=jump-box-01 user=user40 src_ip=172.168.123.45 country=CA action=login_success,0,benign
evt-000087,2024-01-16T02:19:06.355643+00:00,vpn-gw-01,user12,10.2.236.147,US,logoff,2024-01-16T02:19:06.355643+00:00 host=vpn-gw-01 user=user12 src_ip=10.2.236.147 country=US action=logoff,0,benign
evt-000173,2024-01-16T02:27:29.382949+00:00,vpn-gw-01,user22,10.229.7.118,US,logoff,2024-01-16T02:27:29.382949+00:00 host=vpn-gw-01 user=user22 src_ip=10.229.7.118 country=US action=logoff,0,benign
evt-000004,2024-01-16T02:28:52.130522+00:00,db-prod-02,user01,10.39.217.31,US,login_success,2024-01-16T02:28:52.130522+00:00 host=db-prod-02 user=user01 src_ip=10.39.217.31 country=US action=login_success,0,benign
evt-000225,2024-01-16T02:37:27.439073+00:00,db-prod-02,user28,10.241.156.28,US,logoff,2024-01-16T02:37:27.439073+00:00 host=db-prod-02 user=user28 src_ip=10.241.156.28 country=US action=logoff,0,benign
evt-000240,2024-01-16T02:39:50.351731+00:00,ws-fin-01,user30,10.182.45.181,US,logoff,2024-01-16T02:39:50.351731+00:00 host=ws-fin-01 user=user30 src_ip=10.182.45.181 country=US action=logoff,0,benign
evt-000005,2024-01-16T02:43:14.227464+00:00,db-prod-02,user01,10.39.217.31,US,logoff,2024-01-16T02:43:14.227464+00:00 host=db-prod-02 user=user01 src_ip=10.39.217.31 country=US action=logoff,0,benign
evt-000189,2024-01-16T02:44:42.163388+00:00,ws-hr-03,user25,192.226.115.250,GB,logoff,2024-01-16T02:44:42.163388+00:00 host=ws-hr-03 user=user25 src_ip=192.226.115.250 country=GB action=logoff,0,benign
evt-000161,2024-01-16T02:48:45.181739+00:00,ws-hr-03,user20,10.22.105.102,US,logoff,2024-01-16T02:48:45.181739+00:00 host=ws-hr-03 user=user20 src_ip=10.22.105.102 country=US action=logoff,0,benign
evt-000030,2024-01-16T02:52:19.835027+00:00,jump-box-01,user05,10.143.41.201,US,logoff,2024-01-16T02:52:19.835027+00:00 host=jump-box-01 user=user05 src_ip=10.143.41.201 country=US action=logoff,0,benign
evt-000115,2024-01-16T02:53:09.362923+00:00,vpn-gw-01,user16,10.68.69.109,US,login_success,2024-01-16T02:53:09.362923+00:00 host=vpn-gw-01 user=user16 src_ip=10.68.69.109 country=US action=login_success,0,benign
evt-000049,2024-01-16T02:59:58.329959+00:00,ws-fin-01,user07,172.88.215.200,CA,login_success,2024-01-16T02:59:58.329959+00:00 host=ws-fin-01 user=user07 src_ip=172.88.215.200 country=CA action=login_success,0,benign
evt-000081,2024-01-16T03:06:54.125464+00:00,ws-eng-07,user11,10.131.81.72,US,logoff,2024-01-16T03:06:54.125464+00:00 host=ws-eng-07 user=user11 src_ip=10.131.81.72 country=US action=logoff,0,benign
evt-000177,2024-01-16T03:09:51.017570+00:00,ws-hr-03,user23,10.15.235.178,US,login_success,2024-01-16T03:09:51.017570+00:00 host=ws-hr-03 user=user23 src_ip=10.15.235.178 country=US action=login_success,0,benign
evt-000313,2024-01-16T03:11:14.525649+00:00,jump-box-01,user40,172.168.123.45,CA,logoff,2024-01-16T03:11:14.525649+00:00 host=jump-box-01 user=user40 src_ip=172.168.123.45 country=CA action=logoff,0,benign
evt-000251,2024-01-16T03:13:49.497160+00:00,ws-eng-07,user32,172.203.105.80,CA,login_failure,2024-01-16T03:13:49.497160+00:00 host=ws-eng-07 user=user32 src_ip=172.203.105.80 country=CA action=login_failure,0,benign
evt-000252,2024-01-16T03:14:29.023752+00:00,ws-eng-07,user32,172.203.105.80,CA,login_success,2024-01-16T03:14:29.023752+00:00 host=ws-eng-07 user=user32 src_ip=172.203.105.80 country=CA action=login_success,0,benign
evt-000116,2024-01-16T03:16:05.504766+00:00,vpn-gw-01,user16,10.68.69.109,US,logoff,2024-01-16T03:16:05.504766+00:00 host=vpn-gw-01 user=user16 src_ip=10.68.69.109 country=US action=logoff,0,benign
evt-000282,2024-01-16T03:18:07.130845+00:00,db-prod-02,user36,10.192.216.226,US,login_failure,2024-01-16T03:18:07.130845+00:00 host=db-prod-02 user=user36 src_ip=10.192.216.226 country=US action=login_failure,0,benign
evt-000283,2024-01-16T03:18:40.265325+00:00,db-prod-02,user36,10.192.216.226,US,login_success,2024-01-16T03:18:40.265325+00:00 host=db-prod-02 user=user36 src_ip=10.192.216.226 country=US action=login_success,0,benign
evt-000093,2024-01-16T03:23:56.050991+00:00,db-prod-02,user13,172.250.174.154,CA,login_success,2024-01-16T03:23:56.050991+00:00 host=db-prod-02 user=user13 src_ip=172.250.174.154 country=CA action=login_success,0,benign
evt-000050,2024-01-16T03:48:40.150428+00:00,ws-fin-01,user07,172.88.215.200,CA,logoff,2024-01-16T03:48:40.150428+00:00 host=ws-fin-01 user=user07 src_ip=172.88.215.200 country=CA action=logoff,0,benign
evt-000031,2024-01-16T03:51:49.389294+00:00,jump-box-01,user05,10.143.41.201,US,login_success,2024-01-16T03:51:49.389294+00:00 host=jump-box-01 user=user05 src_ip=10.143.41.201 country=US action=login_success,0,benign
evt-000253,2024-01-16T03:52:47.461893+00:00,ws-eng-07,user32,172.203.105.80,CA,logoff,2024-01-16T03:52:47.461893+00:00 host=ws-eng-07 user=user32 src_ip=172.203.105.80 country=CA action=logoff,0,benign
evt-000178,2024-01-16T03:56:34.311381+00:00,ws-hr-03,user23,10.15.235.178,US,logoff,2024-01-16T03:56:34.311381+00:00 host=ws-hr-03 user=user23 src_ip=10.15.235.178 country=US action=logoff,0,benign
evt-000174,2024-01-16T04:02:14.416150+00:00,vpn-gw-01,user22,10.229.7.118,US,login_failure,2024-01-16T04:02:14.416150+00:00 host=vpn-gw-01 user=user22 src_ip=10.229.7.118 country=US action=login_failure,0,benign
evt-000175,2024-01-16T04:02:26.564308+00:00,vpn-gw-01,user22,10.229.7.118,US,login_success,2024-01-16T04:02:26.564308+00:00 host=vpn-gw-01 user=user22 src_ip=10.229.7.118 country=US action=login_success,0,benign
evt-000025,2024-01-16T04:06:32.399687+00:00,jump-box-01,user04,10.233.15.236,US,login_success,2024-01-16T04:06:32.399687+00:00 host=jump-box-01 user=user04 src_ip=10.233.15.236 country=US action=login_success,0,benign
evt-000094,2024-01-16T04:23:40.649050+00:00,db-prod-02,user13,172.250.174.154,CA,logoff,2024-01-16T04:23:40.649050+00:00 host=db-prod-02 user=user13 src_ip=172.250.174.154 country=CA action=logoff,0,benign
evt-000032,2024-01-16T04:23:41.736012+00:00,jump-box-01,user05,10.143.41.201,US,logoff,2024-01-16T04:23:41.736012+00:00 host=jump-box-01 user=user05 src_ip=10.143.41.201 country=US action=logoff,0,benign
evt-000088,2024-01-16T04:34:18.683402+00:00,vpn-gw-01,user12,10.2.236.147,US,login_success,2024-01-16T04:34:18.683402+00:00 host=vpn-gw-01 user=user12 src_ip=10.2.236.147 country=US action=login_success,0,benign
evt-000314,2024-01-16T04:34:42.500453+00:00,jump-box-01,user40,172.168.123.45,CA,login_success,2024-01-16T04:34:42.500453+00:00 host=jump-box-01 user=user40 src_ip=172.168.123.45 country=CA action=login_success,0,benign
evt-000026,2024-01-16T04:41:07.028585+00:00,jump-box-01,user04,10.233.15.236,US,logoff,2024-01-16T04:41:07.028585+00:00 host=jump-box-01 user=user04 src_ip=10.233.15.236 country=US action=logoff,0,benign
evt-000284,2024-01-16T04:46:13.602685+00:00,db-prod-02,user36,10.192.216.226,US,logoff,2024-01-16T04:46:13.602685+00:00 host=db-prod-02 user=user36 src_ip=10.192.216.226 country=US action=logoff,0,benign
evt-000278,2024-01-16T04:48:48.180992+00:00,jump-box-01,user35,192.197.7.43,GB,login_success,2024-01-16T04:48:48.180992+00:00 host=jump-box-01 user=user35 src_ip=192.197.7.43 country=GB action=login_success,0,benign
evt-000089,2024-01-16T05:01:42.598719+00:00,vpn-gw-01,user12,10.2.236.147,US,logoff,2024-01-16T05:01:42.598719+00:00 host=vpn-gw-01 user=user12 src_ip=10.2.236.147 country=US action=logoff,0,benign
evt-000176,2024-01-16T05:12:09.387686+00:00,vpn-gw-01,user22,10.229.7.118,US,logoff,2024-01-16T05:12:09.387686+00:00 host=vpn-gw-01 user=user22 src_ip=10.229.7.118 country=US action=logoff,0,benign
evt-000057,2024-01-16T05:13:12.883903+00:00,ws-eng-07,user08,10.79.55.156,US,login_success,2024-01-16T05:13:12.883903+00:00 host=ws-eng-07 user=user08 src_ip=10.79.55.156 country=US action=login_success,0,benign
evt-000179,2024-01-16T05:25:32.779075+00:00,ws-hr-03,user23,10.15.235.178,US,login_success,2024-01-16T05:25:32.779075+00:00 host=ws-hr-03 user=user23 src_ip=10.15.235.178 country=US action=login_success,0,benign
evt-000095,2024-01-16T05:28:26.044250+00:00,db-prod-02,user13,172.250.174.154,CA,login_success,2024-01-16T05:28:26.044250+00:00 host=db-prod-02 user=user13 src_ip=172.250.174.154 country=CA action=login_success,0,benign
evt-000117,2024-01-16T05:51:23.787960+00:00,vpn-gw-01,user16,10.68.69.109,US,login_success,2024-01-16T05:51:23.787960+00:00 host=vpn-gw-01 user=user16 src_ip=10.68.69.109 country=US action=login_success,0,benign
evt-000315,2024-01-16T05:58:43.734578+00:00,jump-box-01,user40,172.168.123.45,CA,logoff,2024-01-16T05:58:43.734578+00:00 host=jump-box-01 user=user40 src_ip=172.168.123.45 country=CA action=logoff,0,benign
evt-000254,2024-01-16T06:05:40.387092+00:00,ws-eng-07,user32,172.203.105.80,CA,login_success,2024-01-16T06:05:40.387092+00:00 host=ws-eng-07 user=user32 src_ip=172.203.105.80 country=CA action=login_success,0,benign
evt-000096,2024-01-16T06:06:40.102162+00:00,db-prod-02,user13,172.250.174.154,CA,logoff,2024-01-16T06:06:40.102162+00:00 host=db-prod-02 user=user13 src_ip=172.250.174.154 country=CA action=logoff,0,benign
evt-000279,2024-01-16T06:13:38.667263+00:00,jump-box-01,user35,192.197.7.43,GB,logoff,2024-01-16T06:13:38.667263+00:00 host=jump-box-01 user=user35 src_ip=192.197.7.43 country=GB action=logoff,0,benign
evt-000241,2024-01-16T06:14:05.299177+00:00,ws-fin-01,user30,10.182.45.181,US,login_success,2024-01-16T06:14:05.299177+00:00 host=ws-fin-01 user=user30 src_ip=10.182.45.181 country=US action=login_success,0,benign
evt-000190,2024-01-16T06:17:30.741770+00:00,ws-hr-03,user25,192.226.115.250,GB,login_success,2024-01-16T06:17:30.741770+00:00 host=ws-hr-03 user=user25 src_ip=192.226.115.250 country=GB action=login_success,0,benign
evt-000118,2024-01-16T06:25:45.823652+00:00,vpn-gw-01,user16,10.68.69.109,US,logoff,2024-01-16T06:25:45.823652+00:00 host=vpn-gw-01 user=user16 src_ip=10.68.69.109 country=US action=logoff,0,benign
evt-000058,2024-01-16T06:27:12.558242+00:00,ws-eng-07,user08,10.79.55.156,US,logoff,2024-01-16T06:27:12.558242+00:00 host=ws-eng-07 user=user08 src_ip=10.79.55.156 country=US action=logoff,0,benign
evt-000191,2024-01-16T06:42:10.748185+00:00,ws-hr-03,user25,192.226.115.250,GB,logoff,2024-01-16T06:42:10.748185+00:00 host=ws-hr-03 user=user25 src_ip=192.226.115.250 country=GB action=logoff,0,benign
evt-000180,2024-01-16T06:52:14.227448+00:00,ws-hr-03,user23,10.15.235.178,US,logoff,2024-01-16T06:52:14.227448+00:00 host=ws-hr-03 user=user23 src_ip=10.15.235.178 country=US action=logoff,0,benign
evt-000119,2024-01-16T06:55:29.186922+00:00,vpn-gw-01,user16,10.68.69.109,US,login_success,2024-01-16T06:55:29.186922+00:00 host=vpn-gw-01 user=user16 src_ip=10.68.69.109 country=US action=login_success,0,benign
evt-000255,2024-01-16T07:01:00.933865+00:00,ws-eng-07,user32,172.203.105.80,CA,logoff,2024-01-16T07:01:00.933865+00:00 host=ws-eng-07 user=user32 src_ip=172.203.105.80 country=CA action=logoff,0,benign
evt-000097,2024-01-16T07:12:39.369745+00:00,db-prod-02,user13,172.250.174.154,CA,login_success,2024-01-16T07:12:39.369745+00:00 host=db-prod-02 user=user13 src_ip=172.250.174.154 country=CA action=login_success,0,benign
evt-000242,2024-01-16T07:24:55.923309+00:00,ws-fin-01,user30,10.182.45.181,US,logoff,2024-01-16T07:24:55.923309+00:00 host=ws-fin-01 user=user30 src_ip=10.182.45.181 country=US action=logoff,0,benign
evt-000192,2024-01-16T07:32:53.061076+00:00,ws-hr-03,user25,192.226.115.250,GB,login_success,2024-01-16T07:32:53.061076+00:00 host=ws-hr-03 user=user25 src_ip=192.226.115.250 country=GB action=login_success,0,benign
evt-000098,2024-01-16T07:44:39.399531+00:00,db-prod-02,user13,172.250.174.154,CA,logoff,2024-01-16T07:44:39.399531+00:00 host=db-prod-02 user=user13 src_ip=172.250.174.154 country=CA action=logoff,0,benign
evt-000120,2024-01-16T07:56:57.887012+00:00,vpn-gw-01,user16,10.68.69.109,US,logoff,2024-01-16T07:56:57.887012+00:00 host=vpn-gw-01 user=user16 src_ip=10.68.69.109 country=US action=logoff,0,benign
evt-000193,2024-01-16T08:53:10.573161+00:00,ws-hr-03,user25,192.226.115.250,GB,logoff,2024-01-16T08:53:10.573161+00:00 host=ws-hr-03 user=user25 src_ip=192.226.115.250 country=GB action=logoff,0,benign
evt-000256,2024-01-16T08:57:43.500641+00:00,ws-eng-07,user32,172.203.105.80,CA,login_success,2024-01-16T08:57:43.500641+00:00 host=ws-eng-07 user=user32 src_ip=172.203.105.80 country=CA action=login_success,0,benign
evt-000257,2024-01-16T09:15:56.693207+00:00,ws-eng-07,user32,172.203.105.80,CA,logoff,2024-01-16T09:15:56.693207+00:00 host=ws-eng-07 user=user32 src_ip=172.203.105.80 country=CA action=logoff,0,benign
